rank,file,image_id_a,image_id_b,subject_a,eye_a,subject_b,eye_b,score
1,0001__1081607__1082443__score-1.215.jpg,1081607,1082443,nd1S06943,R,nd1S05857,R,1.214818
2,0002__656700__683400__score-1.256.jpg,656700,683400,nd1S05044,R,nd1S05970,R,1.255552
3,0003__524469__706761__score-1.263.jpg,524469,706761,nd1S05271,L,nd1S05619,L,1.263029
4,0004__231391__407619__score-1.265.jpg,231391,407619,nd1S05487,R,nd1S05857,R,1.264805
5,0005__207911__667715__score-1.272.jpg,207911,667715,nd1S04851,L,nd1S05271,L,1.272096
6,0006__1129585__704800__score-1.280.jpg,1129585,704800,nd1S05456,L,nd1S05766,L,1.280289
7,0007__1017028__707898__score-1.282.jpg,1017028,707898,nd1S05889,R,nd1S06441,R,1.281624
8,0008__397296__656291__score-1.282.jpg,397296,656291,nd1S05281,L,nd1S05213,L,1.282000
9,0009__667585__901176__score-1.284.jpg,667585,901176,nd1S05308,L,nd1S05735,L,1.284481
10,0010__267703__396744__score-1.289.jpg,267703,396744,nd1S05682,L,nd1S05884,L,1.289388
11,0011__529574__706761__score-1.291.jpg,529574,706761,nd1S05271,L,nd1S05619,L,1.290923
12,0012__1044445__900104__score-1.292.jpg,1044445,900104,nd1S05379,R,nd1S05766,L,1.291928
13,0013__709066__967052__score-1.293.jpg,709066,967052,nd1S06069,L,nd1S05619,R,1.293096
14,0014__1085407__830249__score-1.294.jpg,1085407,830249,nd1S06745,R,nd1S05889,R,1.293551
15,0015__1056833__860409__score-1.294.jpg,1056833,860409,nd1S05619,R,nd1S05863,L,1.293905
16,0016__1130937__416323__score-1.295.jpg,1130937,416323,nd1S05953,R,nd1S05714,L,1.295480
17,0017__164487__177120__score-1.299.jpg,164487,177120,nd1S04684,L,nd1S04714,R,1.298791
18,0018__267541__856874__score-1.300.jpg,267541,856874,nd1S05315,L,nd1S05301,L,1.299746
19,0019__1113667__941644__score-1.303.jpg,1113667,941644,nd1S05863,L,nd1S04418,L,1.303000
20,0020__1152103__1192238__score-1.304.jpg,1152103,1192238,nd1S07015,R,nd1S07015,L,1.303604
21,0021__615058__659433__score-1.305.jpg,615058,659433,nd1S05831,L,nd1S05270,L,1.304715
22,0022__243066__934720__score-1.305.jpg,243066,934720,nd1S05271,R,nd1S05271,L,1.305295
23,0023__206822__406409__score-1.305.jpg,206822,406409,nd1S04851,L,nd1S05271,L,1.305487
24,0024__529065__537280__score-1.306.jpg,529065,537280,nd1S05308,L,nd1S04649,L,1.305681
25,0025__1130299__584298__score-1.307.jpg,1130299,584298,nd1S06118,L,nd1S05842,L,1.307332
26,0026__659566__723179__score-1.309.jpg,659566,723179,nd1S02463,L,nd1S06139,L,1.308559
27,0027__229485__659493__score-1.310.jpg,229485,659493,nd1S04851,L,nd1S05271,L,1.310032
28,0028__800487__821621__score-1.311.jpg,800487,821621,nd1S05889,R,nd1S06441,R,1.310503
29,0029__587728__662431__score-1.315.jpg,587728,662431,nd1S05974,L,nd1S05049,L,1.314575
30,0030__1063361__817718__score-1.316.jpg,1063361,817718,nd1S06441,R,nd1S06217,L,1.315564
31,0031__255419__255430__score-1.316.jpg,255419,255430,nd1S05271,L,nd1S05271,R,1.315802
32,0032__1105365__162945__score-1.316.jpg,1105365,162945,nd1S06868,L,nd1S04851,L,1.316181
33,0033__1134533__517951__score-1.319.jpg,1134533,517951,nd1S05889,L,nd1S05845,L,1.319441
34,0034__1088852__696543__score-1.320.jpg,1088852,696543,nd1S06927,R,nd1S06352,L,1.320418
35,0035__205669__546228__score-1.321.jpg,205669,546228,nd1S04851,L,nd1S05271,L,1.320533
36,0036__242934__659515__score-1.321.jpg,242934,659515,nd1S05289,R,nd1S05272,L,1.321268
37,0037__659433__728844__score-1.321.jpg,659433,728844,nd1S05270,L,nd1S06126,R,1.321271
38,0038__725671__971011__score-1.323.jpg,725671,971011,nd1S05735,R,nd1S06118,R,1.323085
39,0039__1102839__990825__score-1.323.jpg,1102839,990825,nd1S05321,R,nd1S06793,L,1.323296
40,0040__164577__587729__score-1.324.jpg,164577,587729,nd1S04851,L,nd1S05974,L,1.323705
41,0041__1169180__512754__score-1.324.jpg,1169180,512754,nd1S05619,L,nd1S05271,L,1.323923
42,0042__868761__909935__score-1.324.jpg,868761,909935,nd1S05735,L,nd1S02463,L,1.324252
43,0043__759736__797425__score-1.325.jpg,759736,797425,nd1S05661,L,nd1S06406,L,1.324715
44,0044__1057844__789397__score-1.327.jpg,1057844,789397,nd1S05932,L,nd1S05321,R,1.326637
45,0045__725573__911381__score-1.327.jpg,725573,911381,nd1S05661,L,nd1S05541,L,1.327085
46,0046__721337__911381__score-1.327.jpg,721337,911381,nd1S05379,L,nd1S05541,L,1.327367
47,0047__856889__973678__score-1.328.jpg,856889,973678,nd1S05301,R,nd1S05708,R,1.327935
48,0048__655645__669202__score-1.329.jpg,655645,669202,nd1S04851,L,nd1S05284,R,1.328923
49,0049__1018450__704749__score-1.329.jpg,1018450,704749,nd1S06181,R,nd1S02463,L,1.329107
50,0050__654404__942263__score-1.330.jpg,654404,942263,nd1S04684,L,nd1S05766,L,1.329658
51,0051__730113__905970__score-1.330.jpg,730113,905970,nd1S06505,R,nd1S05742,L,1.329944
52,0052__659279__665980__score-1.330.jpg,659279,665980,nd1S05096,R,nd1S05096,L,1.330493
53,0053__1192858__611432__score-1.331.jpg,1192858,611432,nd1S04261,L,nd1S05308,L,1.330684
54,0054__1126602__696899__score-1.331.jpg,1126602,696899,nd1S05856,L,nd1S05810,L,1.330790
55,0055__1090874__270694__score-1.331.jpg,1090874,270694,nd1S06932,R,nd1S05695,R,1.330806
56,0056__1012175__1113259__score-1.331.jpg,1012175,1113259,nd1S06859,R,nd1S05853,L,1.331419
57,0057__169119__406408__score-1.332.jpg,169119,406408,nd1S04851,L,nd1S05271,L,1.331615
58,0058__707834__868706__score-1.332.jpg,707834,868706,nd1S06406,R,nd1S06441,R,1.331784
59,0059__1064607__1082443__score-1.332.jpg,1064607,1082443,nd1S06245,L,nd1S05857,R,1.331984
60,0060__1126602__869145__score-1.333.jpg,1126602,869145,nd1S05856,L,nd1S05407,L,1.332655
61,0061__1014368__764875__score-1.334.jpg,1014368,764875,nd1S06745,R,nd1S06128,R,1.333566
62,0062__1035705__522740__score-1.334.jpg,1035705,522740,nd1S05619,L,nd1S05271,L,1.334133
63,0063__1105770__896420__score-1.335.jpg,1105770,896420,nd1S06793,R,nd1S05547,R,1.334623
64,0064__531448__660384__score-1.335.jpg,531448,660384,nd1S05708,L,nd1S05280,R,1.335042
65,0065__615057__659433__score-1.335.jpg,615057,659433,nd1S05831,L,nd1S05270,L,1.335077
66,0066__441493__529065__score-1.336.jpg,441493,529065,nd1S04649,L,nd1S05308,L,1.336151
67,0067__374149__685159__score-1.337.jpg,374149,685159,nd1S04701,L,nd1S05624,L,1.336565
68,0068__1033056__1192894__score-1.337.jpg,1033056,1192894,nd1S05742,R,nd1S04261,L,1.336795
69,0069__1034350__768628__score-1.337.jpg,1034350,768628,nd1S06896,L,nd1S05881,R,1.336901
70,0070__217105__660770__score-1.338.jpg,217105,660770,nd1S04851,L,nd1S05284,R,1.337901
71,0071__1135289__667798__score-1.339.jpg,1135289,667798,nd1S05889,R,nd1S05317,R,1.339290
72,0072__410512__801354__score-1.340.jpg,410512,801354,nd1S05317,R,nd1S06181,R,1.339703
73,0073__304002__665866__score-1.340.jpg,304002,665866,nd1S04851,L,nd1S05213,L,1.340156
74,0074__790692__941407__score-1.340.jpg,790692,941407,nd1S06345,L,nd1S05957,L,1.340351
75,0075__1043101__516337__score-1.340.jpg,1043101,516337,nd1S06350,L,nd1S06069,L,1.340433
76,0076__1129585__858299__score-1.340.jpg,1129585,858299,nd1S05456,L,nd1S04649,L,1.340442
77,0077__1151784__607237__score-1.341.jpg,1151784,607237,nd1S07015,R,nd1S06091,L,1.341294
78,0078__1103072__387820__score-1.341.jpg,1103072,387820,nd1S05661,L,nd1S05321,L,1.341404
79,0079__579746__710750__score-1.342.jpg,579746,710750,nd1S06079,L,nd1S05881,L,1.341664
80,0080__201495__668505__score-1.342.jpg,201495,668505,nd1S02463,L,nd1S05308,L,1.342323
81,0081__661748__665218__score-1.342.jpg,661748,665218,nd1S04970,R,nd1S05049,L,1.342340
82,0082__162040__660373__score-1.342.jpg,162040,660373,nd1S04684,L,nd1S05279,R,1.342464
83,0083__799333__832047__score-1.343.jpg,799333,832047,nd1S05321,L,nd1S06406,L,1.342515
84,0084__664354__666468__score-1.343.jpg,664354,666468,nd1S04667,L,nd1S04684,L,1.343102
85,0085__579682__901178__score-1.344.jpg,579682,901178,nd1S05842,L,nd1S05735,R,1.343616
86,0086__724727__831997__score-1.344.jpg,724727,831997,nd1S05742,R,nd1S06044,R,1.343875
87,0087__723665__797431__score-1.344.jpg,723665,797431,nd1S05555,R,nd1S06406,R,1.344211
88,0088__1087227__759537__score-1.344.jpg,1087227,759537,nd1S05456,R,nd1S05974,R,1.344238
89,0089__707831__790112__score-1.345.jpg,707831,790112,nd1S06406,L,nd1S05842,L,1.344610
90,0090__396780__660398__score-1.345.jpg,396780,660398,nd1S05708,L,nd1S05280,R,1.344656
91,0091__1112921__585946__score-1.345.jpg,1112921,585946,nd1S05954,R,nd1S06126,R,1.344911
92,0092__667765__755114__score-1.346.jpg,667765,755114,nd1S05315,L,nd1S05974,L,1.345724
93,0093__406409__511263__score-1.346.jpg,406409,511263,nd1S05271,L,nd1S05999,R,1.345729
94,0094__237271__255418__score-1.346.jpg,237271,255418,nd1S05487,R,nd1S05271,L,1.345829
95,0095__278287__614341__score-1.346.jpg,278287,614341,nd1S05713,R,nd1S05999,L,1.345927
96,0096__437248__659404__score-1.346.jpg,437248,659404,nd1S05459,L,nd1S05269,L,1.345954
97,0097__1133078__990825__score-1.346.jpg,1133078,990825,nd1S05321,R,nd1S06793,L,1.346191
98,0098__1156774__969972__score-1.346.jpg,1156774,969972,nd1S06017,R,nd1S06441,R,1.346214
99,0099__1012191__1107585__score-1.346.jpg,1012191,1107585,nd1S06859,R,nd1S05455,R,1.346223
100,0100__825682__858299__score-1.347.jpg,825682,858299,nd1S05970,R,nd1S04649,L,1.346571
101,0101__660326__710623__score-1.347.jpg,660326,710623,nd1S05278,R,nd1S05974,L,1.347117
102,0102__659279__676417__score-1.348.jpg,659279,676417,nd1S05096,R,nd1S05619,L,1.347966
103,0103__262291__870378__score-1.348.jpg,262291,870378,nd1S05244,R,nd1S05541,R,1.348187
104,0104__831170__907925__score-1.348.jpg,831170,907925,nd1S06128,R,nd1S06406,R,1.348197
105,0105__1107417__1113163__score-1.348.jpg,1107417,1113163,nd1S04470,L,nd1S05889,L,1.348400
106,0106__268188__521342__score-1.348.jpg,268188,521342,nd1S05044,L,nd1S05708,L,1.348486
107,0107__1128828__765559__score-1.349.jpg,1128828,765559,nd1S05963,L,nd1S05321,R,1.348708
108,0108__1013024__706156__score-1.349.jpg,1013024,706156,nd1S06245,L,nd1S05555,L,1.348773
109,0109__289041__556304__score-1.350.jpg,289041,556304,nd1S05742,R,nd1S05881,L,1.349772
110,0110__1103809__995778__score-1.350.jpg,1103809,995778,nd1S06505,L,nd1S06091,L,1.349929
111,0111__432868__613532__score-1.350.jpg,432868,613532,nd1S05379,R,nd1S05379,L,1.349996
112,0112__277036__857508__score-1.350.jpg,277036,857508,nd1S05321,L,nd1S05619,R,1.350042
113,0113__611526__902271__score-1.350.jpg,611526,902271,nd1S04649,L,nd1S05301,L,1.350144
114,0114__241321__824428__score-1.350.jpg,241321,824428,nd1S04649,L,nd1S06128,R,1.350188
115,0115__241947__244167__score-1.351.jpg,241947,244167,nd1S05379,R,nd1S05405,R,1.350530
116,0116__1132516__858299__score-1.351.jpg,1132516,858299,nd1S06082,R,nd1S04649,L,1.350765
117,0117__760998__990703__score-1.351.jpg,760998,990703,nd1S06118,L,nd1S06245,L,1.351207
118,0118__241711__539036__score-1.352.jpg,241711,539036,nd1S05044,R,nd1S05970,R,1.351757
119,0119__1128852__1130440__score-1.352.jpg,1128852,1130440,nd1S05880,L,nd1S05954,L,1.351779
120,0120__1192894__284123__score-1.352.jpg,1192894,284123,nd1S04261,L,nd1S05742,R,1.351954
121,0121__1157093__580593__score-1.352.jpg,1157093,580593,nd1S06017,R,nd1S05970,L,1.352014
122,0122__241621__659512__score-1.352.jpg,241621,659512,nd1S05555,L,nd1S05272,R,1.352170
123,0123__1012915__906629__score-1.353.jpg,1012915,906629,nd1S06793,L,nd1S06110,R,1.352628
124,0124__313859__656699__score-1.353.jpg,313859,656699,nd1S05682,L,nd1S05044,R,1.352923
125,0125__217104__237693__score-1.353.jpg,217104,237693,nd1S04851,L,nd1S05379,R,1.352935
126,0126__514143__540875__score-1.353.jpg,514143,540875,nd1S05880,L,nd1S06069,L,1.353269
127,0127__516622__706761__score-1.354.jpg,516622,706761,nd1S05271,L,nd1S05619,L,1.353973
128,0128__1113271__942097__score-1.354.jpg,1113271,942097,nd1S05853,R,nd1S06745,R,1.354306
129,0129__723360__764324__score-1.354.jpg,723360,764324,nd1S05629,L,nd1S06221,R,1.354326
130,0130__580654__653822__score-1.354.jpg,580654,653822,nd1S05713,L,nd1S05049,R,1.354453
131,0131__1083269__989821__score-1.354.jpg,1083269,989821,nd1S06745,L,nd1S06793,L,1.354496
132,0132__1017025__1081629__score-1.355.jpg,1017025,1081629,nd1S05889,L,nd1S05619,R,1.354661
133,0133__1130429__761189__score-1.355.jpg,1130429,761189,nd1S05954,R,nd1S06406,R,1.354899
134,0134__1064394__831989__score-1.355.jpg,1064394,831989,nd1S05616,R,nd1S06044,L,1.355315
135,0135__345078__934719__score-1.355.jpg,345078,934719,nd1S05619,L,nd1S05271,L,1.355326
136,0136__724762__941644__score-1.355.jpg,724762,941644,nd1S05713,L,nd1S04418,L,1.355437
137,0137__1036068__579746__score-1.355.jpg,1036068,579746,nd1S05963,R,nd1S06079,L,1.355491
138,0138__396779__684005__score-1.356.jpg,396779,684005,nd1S05708,L,nd1S05932,L,1.355542
139,0139__1129409__788788__score-1.356.jpg,1129409,788788,nd1S05856,L,nd1S05810,L,1.355614
140,0140__449965__945720__score-1.356.jpg,449965,945720,nd1S05597,L,nd1S05246,R,1.355741
141,0141__722165__831999__score-1.356.jpg,722165,831999,nd1S02463,L,nd1S06044,L,1.355757
142,0142__261213__520309__score-1.356.jpg,261213,520309,nd1S05619,L,nd1S06086,L,1.355807
143,0143__1155289__725930__score-1.356.jpg,1155289,725930,nd1S07015,R,nd1S05880,L,1.355923
144,0144__432369__897855__score-1.356.jpg,432369,897855,nd1S05270,R,nd1S05379,R,1.356384
145,0145__1090875__674838__score-1.357.jpg,1090875,674838,nd1S06932,R,nd1S05857,R,1.356667
146,0146__1086703__289045__score-1.357.jpg,1086703,289045,nd1S05456,L,nd1S05742,L,1.356696
147,0147__241123__798965__score-1.357.jpg,241123,798965,nd1S05511,L,nd1S05541,L,1.357283
148,0148__791872__942860__score-1.357.jpg,791872,942860,nd1S05713,R,nd1S06768,R,1.357345
149,0149__1015652__1107417__score-1.357.jpg,1015652,1107417,nd1S02463,L,nd1S04470,L,1.357404
150,0150__523615__591061__score-1.357.jpg,523615,591061,nd1S06082,L,nd1S06202,R,1.357409
151,0151__1085401__820275__score-1.357.jpg,1085401,820275,nd1S06745,R,nd1S06345,L,1.357450
152,0152__1064378__659699__score-1.358.jpg,1064378,659699,nd1S05970,L,nd1S05275,R,1.357640
153,0153__759537__860413__score-1.358.jpg,759537,860413,nd1S05974,R,nd1S05863,L,1.357752
154,0154__415386__443623__score-1.358.jpg,415386,443623,nd1S05932,L,nd1S05963,L,1.358070
155,0155__1159814__231064__score-1.358.jpg,1159814,231064,nd1S06017,R,nd1S05044,R,1.358150
156,0156__791798__824135__score-1.358.jpg,791798,824135,nd1S05889,L,nd1S05624,L,1.358298
157,0157__707346__721335__score-1.358.jpg,707346,721335,nd1S06085,R,nd1S05379,R,1.358350
158,0158__1106488__668645__score-1.358.jpg,1106488,668645,nd1S06505,L,nd1S04970,R,1.358389
159,0159__1065066__758078__score-1.359.jpg,1065066,758078,nd1S06441,R,nd1S05889,R,1.358913
160,0160__344130__415384__score-1.359.jpg,344130,415384,nd1S05708,L,nd1S05932,L,1.359223
161,0161__1057046__536709__score-1.360.jpg,1057046,536709,nd1S06793,R,nd1S06110,R,1.359720
162,0162__659501__910061__score-1.360.jpg,659501,910061,nd1S05272,L,nd1S06181,R,1.359805
163,0163__659422__708636__score-1.360.jpg,659422,708636,nd1S05269,L,nd1S05842,L,1.359849
164,0164__658438__660395__score-1.360.jpg,658438,660395,nd1S05214,R,nd1S05280,R,1.359912
165,0165__660383__664251__score-1.360.jpg,660383,664251,nd1S05280,R,nd1S04701,R,1.359966
166,0166__662415__729738__score-1.360.jpg,662415,729738,nd1S05049,L,nd1S05974,L,1.359997
167,0167__1152242__665671__score-1.360.jpg,1152242,665671,nd1S07015,R,nd1S05044,R,1.360093
168,0168__1133470__253887__score-1.360.jpg,1133470,253887,nd1S05889,L,nd1S05624,R,1.360215
169,0169__764869__791971__score-1.360.jpg,764869,791971,nd1S06128,R,nd1S05714,L,1.360249
170,0170__284146__663350__score-1.360.jpg,284146,663350,nd1S05743,L,nd1S05244,L,1.360276
171,0171__590197__604621__score-1.360.jpg,590197,604621,nd1S05970,R,nd1S05033,R,1.360280
172,0172__431992__659520__score-1.360.jpg,431992,659520,nd1S05957,R,nd1S05272,R,1.360307
173,0173__1113891__903081__score-1.361.jpg,1113891,903081,nd1S05954,R,nd1S05708,R,1.360607
174,0174__1160894__608172__score-1.361.jpg,1160894,608172,nd1S07015,R,nd1S05831,R,1.360640
175,0175__422630__442235__score-1.361.jpg,422630,442235,nd1S05740,L,nd1S05963,R,1.360659
176,0176__727347__765351__score-1.361.jpg,727347,765351,nd1S05629,L,nd1S05881,L,1.360739
177,0177__256316__825118__score-1.361.jpg,256316,825118,nd1S05619,L,nd1S06352,R,1.361070
178,0178__229053__660772__score-1.362.jpg,229053,660772,nd1S05244,L,nd1S05284,R,1.361841
179,0179__583995__590600__score-1.362.jpg,583995,590600,nd1S06202,R,nd1S05338,R,1.362168
180,0180__763109__869798__score-1.362.jpg,763109,869798,nd1S05808,R,nd1S06129,L,1.362385
181,0181__653502__733038__score-1.362.jpg,653502,733038,nd1S05044,R,nd1S05321,R,1.362495
182,0182__1034361__1041270__score-1.363.jpg,1034361,1041270,nd1S06896,L,nd1S05889,L,1.362691
183,0183__405802__560060__score-1.363.jpg,405802,560060,nd1S05868,L,nd1S05624,R,1.362979
184,0184__264085__665465__score-1.363.jpg,264085,665465,nd1S05271,R,nd1S05260,R,1.363380
185,0185__601425__944203__score-1.363.jpg,601425,944203,nd1S06110,R,nd1S06793,R,1.363473
186,0186__1128861__422722__score-1.363.jpg,1128861,422722,nd1S05880,L,nd1S05889,L,1.363489
187,0187__1129981__798909__score-1.364.jpg,1129981,798909,nd1S05953,R,nd1S06345,L,1.363528
188,0188__276740__660387__score-1.364.jpg,276740,660387,nd1S05708,L,nd1S05280,R,1.363588
189,0189__1128650__237634__score-1.364.jpg,1128650,237634,nd1S05857,R,nd1S05289,R,1.363750
190,0190__1033294__541074__score-1.364.jpg,1033294,541074,nd1S06300,L,nd1S05321,L,1.363896
191,0191__438171__605105__score-1.364.jpg,438171,605105,nd1S05597,L,nd1S06110,R,1.363979
192,0192__660817__856632__score-1.364.jpg,660817,856632,nd1S05285,L,nd1S05321,R,1.364032
193,0193__760639__860159__score-1.364.jpg,760639,860159,nd1S05963,L,nd1S05675,L,1.364344
194,0194__1083305__511817__score-1.364.jpg,1083305,511817,nd1S06745,R,nd1S05974,R,1.364381
195,0195__437245__659404__score-1.364.jpg,437245,659404,nd1S05459,L,nd1S05269,L,1.364390
196,0196__267541__442128__score-1.364.jpg,267541,442128,nd1S05315,L,nd1S05478,L,1.364453
197,0197__760308__961980__score-1.364.jpg,760308,961980,nd1S05541,L,nd1S06131,L,1.364498
198,0198__702197__710753__score-1.365.jpg,702197,710753,nd1S05555,R,nd1S05881,R,1.364574
199,0199__167630__611435__score-1.365.jpg,167630,611435,nd1S04851,L,nd1S05308,L,1.365111
200,0200__1153471__829726__score-1.365.jpg,1153471,829726,nd1S06017,L,nd1S05713,R,1.365115
201,0201__660979__663351__score-1.365.jpg,660979,663351,nd1S05049,L,nd1S05244,L,1.365197
202,0202__1057056__896420__score-1.365.jpg,1057056,896420,nd1S06793,R,nd1S05547,R,1.365204
203,0203__1059492__515266__score-1.365.jpg,1059492,515266,nd1S04394,L,nd1S05870,L,1.365321
204,0204__1159814__241711__score-1.365.jpg,1159814,241711,nd1S06017,R,nd1S05044,R,1.365438
205,0205__601782__668649__score-1.366.jpg,601782,668649,nd1S05810,L,nd1S04970,R,1.365608
206,0206__160439__236172__score-1.366.jpg,160439,236172,nd1S04851,L,nd1S05379,R,1.365865
207,0207__1020225__582713__score-1.366.jpg,1020225,582713,nd1S05889,L,nd1S05541,L,1.365947
208,0208__1013024__938345__score-1.366.jpg,1013024,938345,nd1S06245,L,nd1S05957,R,1.366231
209,0209__704800__725122__score-1.366.jpg,704800,725122,nd1S05766,L,nd1S05455,L,1.366328
210,0210__588607__659502__score-1.367.jpg,588607,659502,nd1S04649,L,nd1S05272,L,1.366531
211,0211__660770__665671__score-1.367.jpg,660770,665671,nd1S05284,R,nd1S05044,R,1.367049
212,0212__192818__253710__score-1.367.jpg,192818,253710,nd1S04394,R,nd1S05456,L,1.367113
213,0213__1128640__1129192__score-1.367.jpg,1128640,1129192,nd1S05857,L,nd1S05742,L,1.367315
214,0214__519413__528002__score-1.367.jpg,519413,528002,nd1S05956,R,nd1S05842,L,1.367398
215,0215__1018284__1034350__score-1.367.jpg,1018284,1034350,nd1S06868,L,nd1S06896,L,1.367400
216,0216__723192__905909__score-1.368.jpg,723192,905909,nd1S06139,L,nd1S05675,L,1.367540
217,0217__517948__822921__score-1.368.jpg,517948,822921,nd1S05845,L,nd1S05889,L,1.367889
218,0218__387601__410846__score-1.368.jpg,387601,410846,nd1S05044,R,nd1S05244,L,1.368030
219,0219__696918__900135__score-1.368.jpg,696918,900135,nd1S06413,R,nd1S05379,L,1.368121
220,0220__515556__591763__score-1.368.jpg,515556,591763,nd1S05459,L,nd1S05999,L,1.368228
221,0221__1042031__1126987__score-1.368.jpg,1042031,1126987,nd1S06350,L,nd1S05963,R,1.368436
222,0222__1041279__723360__score-1.369.jpg,1041279,723360,nd1S05889,L,nd1S05629,L,1.368684
223,0223__1129971__994507__score-1.369.jpg,1129971,994507,nd1S05953,R,nd1S06775,R,1.368712
224,0224__287616__767020__score-1.369.jpg,287616,767020,nd1S05555,L,nd1S05842,L,1.368804
225,0225__514634__522752__score-1.369.jpg,514634,522752,nd1S05974,R,nd1S05271,R,1.368888
226,0226__1192874__1192971__score-1.369.jpg,1192874,1192971,nd1S04261,L,nd1S04261,R,1.369396
227,0227__587575__790690__score-1.369.jpg,587575,790690,nd1S06217,L,nd1S06345,L,1.369470
228,0228__1019528__185648__score-1.369.jpg,1019528,185648,nd1S05956,R,nd1S04684,L,1.369498
229,0229__1169180__659479__score-1.370.jpg,1169180,659479,nd1S05619,L,nd1S05271,L,1.369525
230,0230__1034383__233715__score-1.370.jpg,1034383,233715,nd1S06868,L,nd1S05033,R,1.369840
231,0231__1130429__873460__score-1.370.jpg,1130429,873460,nd1S05954,R,nd1S06044,L,1.369891
232,0232__1019246__725671__score-1.370.jpg,1019246,725671,nd1S06107,R,nd1S05735,R,1.369977
233,0233__406436__660671__score-1.370.jpg,406436,660671,nd1S05044,L,nd1S05283,L,1.369984
234,0234__818256__868861__score-1.370.jpg,818256,868861,nd1S05619,L,nd1S06044,L,1.370032
235,0235__202511__660810__score-1.370.jpg,202511,660810,nd1S02463,L,nd1S05285,R,1.370075
236,0236__406446__831170__score-1.370.jpg,406446,831170,nd1S05044,R,nd1S06128,R,1.370149
237,0237__1156901__820265__score-1.370.jpg,1156901,820265,nd1S06017,R,nd1S05661,L,1.370219
238,0238__201606__602708__score-1.370.jpg,201606,602708,nd1S04667,L,nd1S05970,L,1.370220
239,0239__723918__820284__score-1.370.jpg,723918,820284,nd1S05766,L,nd1S06345,L,1.370224
240,0240__1135289__283639__score-1.370.jpg,1135289,283639,nd1S05889,R,nd1S05317,R,1.370427
241,0241__1035705__667162__score-1.371.jpg,1035705,667162,nd1S05619,L,nd1S05271,L,1.370507
242,0242__1111272__862716__score-1.371.jpg,1111272,862716,nd1S05853,L,nd1S06352,R,1.370582
243,0243__725930__764875__score-1.371.jpg,725930,764875,nd1S05880,L,nd1S06128,R,1.370644
244,0244__1192244__660764__score-1.371.jpg,1192244,660764,nd1S07015,L,nd1S05284,L,1.370659
245,0245__1014368__791650__score-1.371.jpg,1014368,791650,nd1S06745,R,nd1S06300,L,1.370689
246,0246__762190__994507__score-1.371.jpg,762190,994507,nd1S05857,R,nd1S06775,R,1.370723
247,0247__521341__541002__score-1.371.jpg,521341,541002,nd1S05708,L,nd1S06126,R,1.370766
248,0248__660967__972226__score-1.371.jpg,660967,972226,nd1S05049,L,nd1S05246,R,1.370851
249,0249__1165947__666346__score-1.371.jpg,1165947,666346,nd1S05619,R,nd1S04970,R,1.370852
250,0250__721335__909935__score-1.371.jpg,721335,909935,nd1S05379,R,nd1S02463,L,1.370959
251,0251__611526__970329__score-1.371.jpg,611526,970329,nd1S04649,L,nd1S05246,R,1.370981
252,0252__1128866__410508__score-1.371.jpg,1128866,410508,nd1S05880,R,nd1S05317,L,1.371016
253,0253__407191__660276__score-1.371.jpg,407191,660276,nd1S05508,L,nd1S04786,L,1.371265
254,0254__345083__659489__score-1.371.jpg,345083,659489,nd1S05619,L,nd1S05271,L,1.371331
255,0255__241063__707831__score-1.371.jpg,241063,707831,nd1S05321,L,nd1S06406,L,1.371392
256,0256__237696__397282__score-1.371.jpg,237696,397282,nd1S05379,R,nd1S05270,R,1.371400
257,0257__668992__726899__score-1.371.jpg,668992,726899,nd1S05213,L,nd1S05379,R,1.371442
258,0258__1113182__683039__score-1.372.jpg,1113182,683039,nd1S05889,L,nd1S04649,L,1.371754
259,0259__541083__669464__score-1.372.jpg,541083,669464,nd1S05321,R,nd1S05044,R,1.371817
260,0260__511817__729738__score-1.372.jpg,511817,729738,nd1S05974,R,nd1S05974,L,1.371886
261,0261__253710__438090__score-1.372.jpg,253710,438090,nd1S05456,L,nd1S05315,L,1.372243
262,0262__527718__947563__score-1.372.jpg,527718,947563,nd1S05999,R,nd1S05624,R,1.372289
263,0263__277030__907293__score-1.372.jpg,277030,907293,nd1S05321,L,nd1S06118,R,1.372321
264,0264__825590__903749__score-1.373.jpg,825590,903749,nd1S06516,R,nd1S05974,L,1.372597
265,0265__256703__662431__score-1.373.jpg,256703,662431,nd1S05508,L,nd1S05049,L,1.372646
266,0266__659277__660351__score-1.373.jpg,659277,660351,nd1S05096,R,nd1S05278,R,1.372734
267,0267__1155289__759727__score-1.373.jpg,1155289,759727,nd1S07015,R,nd1S05661,L,1.373034
268,0268__1135296__789391__score-1.373.jpg,1135296,789391,nd1S05889,L,nd1S05321,L,1.373284
269,0269__241316__611435__score-1.374.jpg,241316,611435,nd1S04649,L,nd1S05308,L,1.373526
270,0270__1113263__527769__score-1.374.jpg,1113263,527769,nd1S05853,R,nd1S05808,R,1.373542
271,0271__271044__303551__score-1.374.jpg,271044,303551,nd1S05600,L,nd1S05044,R,1.373692
272,0272__390562__763264__score-1.374.jpg,390562,763264,nd1S05455,L,nd1S05868,L,1.373772
273,0273__696920__830740__score-1.374.jpg,696920,830740,nd1S06413,R,nd1S06352,R,1.374067
274,0274__1160014__696626__score-1.374.jpg,1160014,696626,nd1S06017,L,nd1S05889,L,1.374255
275,0275__410507__757846__score-1.374.jpg,410507,757846,nd1S05317,L,nd1S06469,R,1.374258
276,0276__1131128__546487__score-1.374.jpg,1131128,546487,nd1S06500,L,nd1S06078,R,1.374363
277,0277__185644__256679__score-1.375.jpg,185644,256679,nd1S04684,L,nd1S05478,L,1.374578
278,0278__529532__580049__score-1.375.jpg,529532,580049,nd1S05244,R,nd1S06107,R,1.374666
279,0279__584315__586534__score-1.375.jpg,584315,586534,nd1S06091,L,nd1S05375,R,1.374825
280,0280__207349__662843__score-1.375.jpg,207349,662843,nd1S04684,L,nd1S04714,R,1.374923
281,0281__1155318__724877__score-1.375.jpg,1155318,724877,nd1S07015,R,nd1S05695,R,1.374930
282,0282__229505__722377__score-1.375.jpg,229505,722377,nd1S05289,R,nd1S05857,R,1.374964
283,0283__537287__764869__score-1.375.jpg,537287,764869,nd1S05321,R,nd1S06128,R,1.375009
284,0284__1089039__969415__score-1.375.jpg,1089039,969415,nd1S06131,L,nd1S05379,L,1.375023
285,0285__1035342__831076__score-1.375.jpg,1035342,831076,nd1S05456,R,nd1S06500,L,1.375114
286,0286__1057020__1085411__score-1.375.jpg,1057020,1085411,nd1S04394,L,nd1S06745,R,1.375311
287,0287__396779__660357__score-1.375.jpg,396779,660357,nd1S05708,L,nd1S05279,L,1.375470
288,0288__243868__602717__score-1.375.jpg,243868,602717,nd1S05033,R,nd1S05970,R,1.375475
289,0289__1012175__724182__score-1.376.jpg,1012175,724182,nd1S06859,R,nd1S06391,L,1.375664
290,0290__1103809__970918__score-1.376.jpg,1103809,970918,nd1S06505,L,nd1S05708,R,1.375683
291,0291__1063361__663955__score-1.376.jpg,1063361,663955,nd1S06441,R,nd1S05133,R,1.375686
292,0292__1085406__539035__score-1.376.jpg,1085406,539035,nd1S06745,L,nd1S05970,R,1.375768
293,0293__256818__664246__score-1.376.jpg,256818,664246,nd1S05624,L,nd1S04701,L,1.375894
294,0294__660794__995455__score-1.376.jpg,660794,995455,nd1S05260,R,nd1S06107,R,1.375944
295,0295__1018701__1041270__score-1.376.jpg,1018701,1041270,nd1S05956,R,nd1S05889,L,1.375960
296,0296__1091172__763754__score-1.376.jpg,1091172,763754,nd1S05880,R,nd1S05842,L,1.376024
297,0297__203082__583410__score-1.376.jpg,203082,583410,nd1S04851,L,nd1S05033,R,1.376117
298,0298__760121__796830__score-1.376.jpg,760121,796830,nd1S06413,R,nd1S06044,R,1.376200
299,0299__1109575__1152103__score-1.376.jpg,1109575,1152103,nd1S05871,R,nd1S07015,R,1.376410
300,0300__1086967__668645__score-1.376.jpg,1086967,668645,nd1S06505,L,nd1S04970,R,1.376428
301,0301__443623__608664__score-1.376.jpg,443623,608664,nd1S05963,L,nd1S05367,L,1.376477
302,0302__263842__660370__score-1.377.jpg,263842,660370,nd1S05675,L,nd1S05279,L,1.376727
303,0303__166874__391565__score-1.377.jpg,166874,391565,nd1S04851,L,nd1S05271,L,1.376731
304,0304__903070__970762__score-1.377.jpg,903070,970762,nd1S05742,R,nd1S06543,R,1.376752
305,0305__167630__934853__score-1.377.jpg,167630,934853,nd1S04851,L,nd1S05271,L,1.376832
306,0306__709743__759052__score-1.377.jpg,709743,759052,nd1S06352,L,nd1S06469,R,1.376948
307,0307__228393__516629__score-1.377.jpg,228393,516629,nd1S05271,L,nd1S05271,R,1.377006
308,0308__442343__665866__score-1.377.jpg,442343,665866,nd1S05695,R,nd1S05213,L,1.377233
309,0309__591051__989827__score-1.377.jpg,591051,989827,nd1S06202,R,nd1S06793,R,1.377331
310,0310__1152282__661812__score-1.377.jpg,1152282,661812,nd1S07015,R,nd1S05244,L,1.377344
311,0311__591755__608041__score-1.377.jpg,591755,608041,nd1S05999,L,nd1S05863,L,1.377354
312,0312__1091834__588140__score-1.377.jpg,1091834,588140,nd1S05954,L,nd1S05842,L,1.377417
313,0313__1128828__868861__score-1.378.jpg,1128828,868861,nd1S05963,L,nd1S06044,L,1.377627
314,0314__729738__856877__score-1.378.jpg,729738,856877,nd1S05974,L,nd1S05301,L,1.377632
315,0315__1013024__431975__score-1.378.jpg,1013024,431975,nd1S06245,L,nd1S05957,R,1.377680
316,0316__794424__911397__score-1.378.jpg,794424,911397,nd1S06217,L,nd1S05541,R,1.377693
317,0317__1130986__709135__score-1.378.jpg,1130986,709135,nd1S05954,R,nd1S06139,L,1.377716
318,0318__659701__728115__score-1.378.jpg,659701,728115,nd1S05275,R,nd1S06406,R,1.377722
319,0319__277897__725517__score-1.378.jpg,277897,725517,nd1S05501,R,nd1S06079,R,1.377759
320,0320__275131__661808__score-1.378.jpg,275131,661808,nd1S05714,L,nd1S05249,R,1.377770
321,0321__1036615__285239__score-1.378.jpg,1036615,285239,nd1S06868,L,nd1S05511,L,1.377774
322,0322__1089334__580718__score-1.378.jpg,1089334,580718,nd1S05881,R,nd1S05375,R,1.377842
323,0323__760639__818256__score-1.378.jpg,760639,818256,nd1S05963,L,nd1S05619,L,1.377907
324,0324__602718__941413__score-1.378.jpg,602718,941413,nd1S05970,R,nd1S05957,R,1.377995
325,0325__661748__832204__score-1.378.jpg,661748,832204,nd1S04970,R,nd1S06505,R,1.378050
326,0326__664251__794764__score-1.378.jpg,664251,794764,nd1S04701,R,nd1S06391,L,1.378162
327,0327__1131939__216718__score-1.378.jpg,1131939,216718,nd1S06082,R,nd1S04667,L,1.378340
328,0328__446569__614331__score-1.378.jpg,446569,614331,nd1S05868,L,nd1S05999,L,1.378420
329,0329__1065254__659563__score-1.379.jpg,1065254,659563,nd1S06350,L,nd1S02463,L,1.378520
330,0330__611434__666725__score-1.379.jpg,611434,666725,nd1S05308,L,nd1S02463,L,1.378553
331,0331__1063361__1132529__score-1.379.jpg,1063361,1132529,nd1S06441,R,nd1S06082,R,1.378585
332,0332__610835__988360__score-1.379.jpg,610835,988360,nd1S05974,R,nd1S05742,R,1.378599
333,0333__410315__944600__score-1.379.jpg,410315,944600,nd1S05597,L,nd1S05246,R,1.378612
334,0334__1111241__410512__score-1.379.jpg,1111241,410512,nd1S05889,L,nd1S05317,R,1.378686
335,0335__660420__665981__score-1.379.jpg,660420,665981,nd1S05281,R,nd1S05096,R,1.379180
336,0336__450154__660383__score-1.379.jpg,450154,660383,nd1S05708,L,nd1S05280,R,1.379207
337,0337__655645__659479__score-1.379.jpg,655645,659479,nd1S04851,L,nd1S05271,L,1.379368
338,0338__427801__659547__score-1.379.jpg,427801,659547,nd1S05842,L,nd1S05033,R,1.379380
339,0339__1081607__948391__score-1.379.jpg,1081607,948391,nd1S06943,R,nd1S06768,L,1.379400
340,0340__1192888__590444__score-1.380.jpg,1192888,590444,nd1S04261,L,nd1S05308,L,1.379567
341,0341__436378__676935__score-1.380.jpg,436378,676935,nd1S05870,L,nd1S05974,R,1.379634
342,0342__665865__667586__score-1.380.jpg,665865,667586,nd1S05213,L,nd1S05308,L,1.379701
343,0343__541050__558564__score-1.380.jpg,541050,558564,nd1S04649,L,nd1S06128,R,1.379707
344,0344__391578__996369__score-1.380.jpg,391578,996369,nd1S05271,R,nd1S05881,R,1.379886
345,0345__536586__766370__score-1.380.jpg,536586,766370,nd1S06082,L,nd1S06505,R,1.379907
346,0346__1089963__229070__score-1.380.jpg,1089963,229070,nd1S06927,R,nd1S05271,L,1.380043
347,0347__229502__659415__score-1.380.jpg,229502,659415,nd1S05289,L,nd1S05269,R,1.380082
348,0348__1089334__756983__score-1.380.jpg,1089334,756983,nd1S05881,R,nd1S05974,R,1.380298
349,0349__1067694__869160__score-1.380.jpg,1067694,869160,nd1S06118,R,nd1S05407,R,1.380302
350,0350__282414__653822__score-1.380.jpg,282414,653822,nd1S05713,L,nd1S05049,R,1.380380
351,0351__1103568__262279__score-1.380.jpg,1103568,262279,nd1S06868,L,nd1S05244,L,1.380384
352,0352__656710__667433__score-1.381.jpg,656710,667433,nd1S05062,R,nd1S05049,R,1.380538
353,0353__1066079__1112371__score-1.381.jpg,1066079,1112371,nd1S06927,R,nd1S05889,L,1.380688
354,0354__896523__911146__score-1.381.jpg,896523,911146,nd1S06300,L,nd1S05842,L,1.380726
355,0355__277164__728048__score-1.381.jpg,277164,728048,nd1S05044,R,nd1S05842,L,1.380741
356,0356__724897__819149__score-1.381.jpg,724897,819149,nd1S06110,R,nd1S05321,R,1.380757
357,0357__1063973__611501__score-1.381.jpg,1063973,611501,nd1S02463,L,nd1S05842,L,1.380802
358,0358__1152282__817090__score-1.381.jpg,1152282,817090,nd1S07015,R,nd1S06044,L,1.380806
359,0359__660764__872000__score-1.381.jpg,660764,872000,nd1S05284,L,nd1S06044,L,1.380859
360,0360__696918__828763__score-1.381.jpg,696918,828763,nd1S06413,R,nd1S05379,L,1.380939
361,0361__1113260__858167__score-1.381.jpg,1113260,858167,nd1S05853,R,nd1S06352,R,1.380964
362,0362__707595__903060__score-1.381.jpg,707595,903060,nd1S05868,L,nd1S05742,R,1.381059
363,0363__539818__908184__score-1.381.jpg,539818,908184,nd1S05456,R,nd1S05541,R,1.381249
364,0364__700982__868862__score-1.381.jpg,700982,868862,nd1S05713,L,nd1S06044,L,1.381268
365,0365__229069__304002__score-1.381.jpg,229069,304002,nd1S05271,L,nd1S04851,L,1.381289
366,0366__659518__868614__score-1.381.jpg,659518,868614,nd1S05272,L,nd1S06391,L,1.381311
367,0367__529067__541045__score-1.381.jpg,529067,541045,nd1S05308,L,nd1S04649,L,1.381320
368,0368__1193005__262919__score-1.381.jpg,1193005,262919,nd1S04261,R,nd1S05165,L,1.381454
369,0369__600795__831092__score-1.382.jpg,600795,831092,nd1S06128,R,nd1S06044,L,1.381585
370,0370__722307__791971__score-1.382.jpg,722307,791971,nd1S06300,L,nd1S05714,L,1.381602
371,0371__1112286__695967__score-1.382.jpg,1112286,695967,nd1S05857,L,nd1S05455,L,1.381693
372,0372__796154__820283__score-1.382.jpg,796154,820283,nd1S05310,R,nd1S06345,L,1.381694
373,0373__1192881__243677__score-1.382.jpg,1192881,243677,nd1S04261,L,nd1S05044,L,1.381739
374,0374__160439__526644__score-1.382.jpg,160439,526644,nd1S04851,L,nd1S05999,R,1.381779
375,0375__268803__764780__score-1.382.jpg,268803,764780,nd1S05456,R,nd1S06131,L,1.381790
376,0376__659447__935485__score-1.382.jpg,659447,935485,nd1S05270,R,nd1S05379,R,1.381882
377,0377__284026__554049__score-1.382.jpg,284026,554049,nd1S05740,L,nd1S05373,L,1.381965
378,0378__1105770__659277__score-1.382.jpg,1105770,659277,nd1S06793,R,nd1S05096,R,1.382129
379,0379__660397__798325__score-1.382.jpg,660397,798325,nd1S05280,R,nd1S06217,L,1.382203
380,0380__1113883__902270__score-1.382.jpg,1113883,902270,nd1S05954,L,nd1S05301,R,1.382205
381,0381__233961__724820__score-1.382.jpg,233961,724820,nd1S05508,L,nd1S06441,R,1.382211
382,0382__522740__603593__score-1.382.jpg,522740,603593,nd1S05271,L,nd1S05963,R,1.382258
383,0383__790691__794424__score-1.382.jpg,790691,794424,nd1S06345,L,nd1S06217,L,1.382264
384,0384__656291__658866__score-1.382.jpg,656291,658866,nd1S05213,L,nd1S05062,R,1.382315
385,0385__217090__307038__score-1.382.jpg,217090,307038,nd1S04851,L,nd1S05619,L,1.382386
386,0386__1064607__896410__score-1.382.jpg,1064607,896410,nd1S06245,L,nd1S05547,R,1.382427
387,0387__590595__654809__score-1.382.jpg,590595,654809,nd1S05338,R,nd1S05129,R,1.382475
388,0388__1091839__660674__score-1.382.jpg,1091839,660674,nd1S05954,R,nd1S05283,L,1.382492
389,0389__1103808__909935__score-1.383.jpg,1103808,909935,nd1S06505,L,nd1S02463,L,1.382520
390,0390__256316__391565__score-1.383.jpg,256316,391565,nd1S05619,L,nd1S05271,L,1.382630
391,0391__1192995__255431__score-1.383.jpg,1192995,255431,nd1S04261,R,nd1S05271,R,1.382716
392,0392__581621__655037__score-1.383.jpg,581621,655037,nd1S05619,R,nd1S04683,L,1.382773
393,0393__161092__555653__score-1.383.jpg,161092,555653,nd1S04684,L,nd1S06082,L,1.382900
394,0394__1171247__830739__score-1.383.jpg,1171247,830739,nd1S05619,L,nd1S06352,R,1.382921
395,0395__165442__582713__score-1.383.jpg,165442,582713,nd1S04851,L,nd1S05541,L,1.382922
396,0396__231849__801354__score-1.383.jpg,231849,801354,nd1S05288,L,nd1S06181,R,1.382944
397,0397__1161576__660312__score-1.383.jpg,1161576,660312,nd1S06017,L,nd1S05060,L,1.383080
398,0398__534641__660545__score-1.383.jpg,534641,660545,nd1S04851,L,nd1S05216,R,1.383153
399,0399__1018279__896832__score-1.383.jpg,1018279,896832,nd1S06868,L,nd1S05379,R,1.383157
400,0400__392821__667427__score-1.383.jpg,392821,667427,nd1S05881,L,nd1S05049,L,1.383199
401,0401__659376__660979__score-1.383.jpg,659376,660979,nd1S05244,R,nd1S05049,L,1.383219
402,0402__710750__902266__score-1.383.jpg,710750,902266,nd1S05881,L,nd1S05301,R,1.383266
403,0403__1041770__792876__score-1.383.jpg,1041770,792876,nd1S05379,R,nd1S06344,L,1.383306
404,0404__233626__436378__score-1.383.jpg,233626,436378,nd1S05340,L,nd1S05870,L,1.383307
405,0405__1132516__721335__score-1.383.jpg,1132516,721335,nd1S06082,R,nd1S05379,R,1.383454
406,0406__659423__724768__score-1.383.jpg,659423,724768,nd1S05269,R,nd1S05713,R,1.383481
407,0407__660544__869151__score-1.384.jpg,660544,869151,nd1S05216,L,nd1S05407,L,1.383561
408,0408__207349__668611__score-1.384.jpg,207349,668611,nd1S04684,L,nd1S04714,R,1.383581
409,0409__1192885__416309__score-1.384.jpg,1192885,416309,nd1S04261,L,nd1S05735,R,1.383604
410,0410__165847__799333__score-1.384.jpg,165847,799333,nd1S04683,L,nd1S05321,L,1.383635
411,0411__904960__988194__score-1.384.jpg,904960,988194,nd1S06110,R,nd1S06793,L,1.383684
412,0412__1082255__1166274__score-1.384.jpg,1082255,1166274,nd1S05661,L,nd1S05619,R,1.383779
413,0413__388143__611928__score-1.384.jpg,388143,611928,nd1S05863,L,nd1S06197,R,1.383803
414,0414__702215__831172__score-1.384.jpg,702215,831172,nd1S06406,R,nd1S06128,R,1.383830
415,0415__262298__406418__score-1.384.jpg,262298,406418,nd1S05244,R,nd1S05271,R,1.383838
416,0416__1064175__707072__score-1.384.jpg,1064175,707072,nd1S05963,R,nd1S05808,R,1.384014
417,0417__287637__710752__score-1.384.jpg,287637,710752,nd1S05555,R,nd1S05881,R,1.384044
418,0418__512221__663790__score-1.384.jpg,512221,663790,nd1S05970,R,nd1S05044,R,1.384050
419,0419__704749__941407__score-1.384.jpg,704749,941407,nd1S02463,L,nd1S05957,L,1.384187
420,0420__165322__701874__score-1.384.jpg,165322,701874,nd1S04684,L,nd1S05714,L,1.384198
421,0421__591051__695729__score-1.384.jpg,591051,695729,nd1S06202,R,nd1S06079,L,1.384218
422,0422__659683__791649__score-1.384.jpg,659683,791649,nd1S04684,L,nd1S06300,L,1.384253
423,0423__411748__656291__score-1.384.jpg,411748,656291,nd1S05459,L,nd1S05213,L,1.384282
424,0424__615069__660642__score-1.384.jpg,615069,660642,nd1S05831,R,nd1S05214,R,1.384283
425,0425__660872__756714__score-1.384.jpg,660872,756714,nd1S05286,R,nd1S06406,L,1.384339
426,0426__270660__660355__score-1.384.jpg,270660,660355,nd1S05675,L,nd1S05279,L,1.384352
427,0427__1160894__231577__score-1.384.jpg,1160894,231577,nd1S07015,R,nd1S05289,R,1.384379
428,0428__614028__662843__score-1.384.jpg,614028,662843,nd1S05338,R,nd1S04714,R,1.384432
429,0429__441495__611435__score-1.384.jpg,441495,611435,nd1S04649,L,nd1S05308,L,1.384456
430,0430__764095__820283__score-1.385.jpg,764095,820283,nd1S06079,L,nd1S06345,L,1.384576
431,0431__1042031__1065398__score-1.385.jpg,1042031,1065398,nd1S06350,L,nd1S05963,R,1.384672
432,0432__831172__832050__score-1.385.jpg,831172,832050,nd1S06128,R,nd1S06406,R,1.384706
433,0433__515266__904588__score-1.385.jpg,515266,904588,nd1S05870,L,nd1S06516,R,1.384734
434,0434__391565__529066__score-1.385.jpg,391565,529066,nd1S05271,L,nd1S05308,L,1.384887
435,0435__707346__764867__score-1.385.jpg,707346,764867,nd1S06085,R,nd1S06128,R,1.384978
436,0436__1113263__676916__score-1.385.jpg,1113263,676916,nd1S05853,R,nd1S05932,L,1.385045
437,0437__192822__255846__score-1.385.jpg,192822,255846,nd1S04394,R,nd1S05044,R,1.385088
438,0438__1064738__271506__score-1.385.jpg,1064738,271506,nd1S06344,L,nd1S05455,L,1.385108
439,0439__185678__668611__score-1.385.jpg,185678,668611,nd1S04684,L,nd1S04714,R,1.385180
440,0440__1018279__659699__score-1.385.jpg,1018279,659699,nd1S06868,L,nd1S05275,R,1.385192
441,0441__1134536__693567__score-1.385.jpg,1134536,693567,nd1S05889,R,nd1S06441,R,1.385287
442,0442__607372__904942__score-1.385.jpg,607372,904942,nd1S05695,R,nd1S05301,R,1.385333
443,0443__1192991__800719__score-1.385.jpg,1192991,800719,nd1S04261,R,nd1S05661,L,1.385413
444,0444__1059241__1089811__score-1.385.jpg,1059241,1089811,nd1S06131,L,nd1S05379,L,1.385433
445,0445__1135289__302985__score-1.385.jpg,1135289,302985,nd1S05889,R,nd1S05321,L,1.385472
446,0446__519781__660971__score-1.386.jpg,519781,660971,nd1S05974,R,nd1S05049,R,1.385565
447,0447__256316__865116__score-1.386.jpg,256316,865116,nd1S05619,L,nd1S06352,R,1.385567
448,0448__821504__988198__score-1.386.jpg,821504,988198,nd1S05857,R,nd1S06793,R,1.385595
449,0449__1014360__1133069__score-1.386.jpg,1014360,1133069,nd1S06745,L,nd1S05321,L,1.385599
450,0450__524469__756596__score-1.386.jpg,524469,756596,nd1S05271,L,nd1S05619,L,1.385658
451,0451__791089__896420__score-1.386.jpg,791089,896420,nd1S05661,L,nd1S05547,R,1.385782
452,0452__790691__863888__score-1.386.jpg,790691,863888,nd1S06345,L,nd1S06217,L,1.385961
453,0453__1192857__260781__score-1.386.jpg,1192857,260781,nd1S04261,L,nd1S05284,L,1.386012
454,0454__229042__441913__score-1.386.jpg,229042,441913,nd1S05321,L,nd1S05044,L,1.386019
455,0455__523403__768445__score-1.386.jpg,523403,768445,nd1S05373,L,nd1S06079,L,1.386024
456,0456__1085890__819145__score-1.386.jpg,1085890,819145,nd1S05456,L,nd1S05321,L,1.386042
457,0457__1152103__895493__score-1.386.jpg,1152103,895493,nd1S07015,R,nd1S06217,L,1.386082
458,0458__1065572__701307__score-1.386.jpg,1065572,701307,nd1S06118,R,nd1S06345,R,1.386147
459,0459__701824__724907__score-1.386.jpg,701824,724907,nd1S06352,L,nd1S06110,R,1.386393
460,0460__1017036__797425__score-1.386.jpg,1017036,797425,nd1S05889,L,nd1S06406,L,1.386448
461,0461__764082__820285__score-1.386.jpg,764082,820285,nd1S06079,L,nd1S06345,L,1.386477
462,0462__1192985__906676__score-1.387.jpg,1192985,906676,nd1S04261,R,nd1S06469,R,1.386512
463,0463__1036313__1042092__score-1.387.jpg,1036313,1042092,nd1S06300,L,nd1S05889,L,1.386533
464,0464__587202__659124__score-1.387.jpg,587202,659124,nd1S05831,R,nd1S04701,R,1.386543
465,0465__1087226__859020__score-1.387.jpg,1087226,859020,nd1S05456,L,nd1S06345,L,1.386666
466,0466__1129397__668989__score-1.387.jpg,1129397,668989,nd1S05856,L,nd1S05213,L,1.386722
467,0467__231003__829726__score-1.387.jpg,231003,829726,nd1S05244,R,nd1S05713,R,1.386737
468,0468__721332__789459__score-1.387.jpg,721332,789459,nd1S05379,R,nd1S06217,L,1.386944
469,0469__1130453__896837__score-1.387.jpg,1130453,896837,nd1S05954,L,nd1S05379,L,1.386966
470,0470__761494__942293__score-1.387.jpg,761494,942293,nd1S06352,L,nd1S06181,R,1.387061
471,0471__1135295__276437__score-1.387.jpg,1135295,276437,nd1S05889,R,nd1S05317,R,1.387073
472,0472__236265__944580__score-1.387.jpg,236265,944580,nd1S05317,L,nd1S05310,R,1.387158
473,0473__1133069__725573__score-1.387.jpg,1133069,725573,nd1S05321,L,nd1S05661,L,1.387226
474,0474__1131425__608691__score-1.387.jpg,1131425,608691,nd1S05456,L,nd1S05957,L,1.387246
475,0475__417657__665542__score-1.387.jpg,417657,665542,nd1S05932,L,nd1S04970,R,1.387373
476,0476__512519__868862__score-1.387.jpg,512519,868862,nd1S05455,L,nd1S06044,L,1.387455
477,0477__447063__667433__score-1.388.jpg,447063,667433,nd1S05742,R,nd1S05049,R,1.387549
478,0478__1130161__441913__score-1.388.jpg,1130161,441913,nd1S06118,L,nd1S05044,L,1.387709
479,0479__820283__937765__score-1.388.jpg,820283,937765,nd1S06345,L,nd1S06745,R,1.387710
480,0480__387601__590178__score-1.388.jpg,387601,590178,nd1S05044,R,nd1S05970,R,1.387768
481,0481__279572__660308__score-1.388.jpg,279572,660308,nd1S05028,R,nd1S05060,L,1.387782
482,0482__590178__669463__score-1.388.jpg,590178,669463,nd1S05970,R,nd1S05044,R,1.387868
483,0483__1041270__1129585__score-1.388.jpg,1041270,1129585,nd1S05889,L,nd1S05456,L,1.387989
484,0484__1065066__283014__score-1.388.jpg,1065066,283014,nd1S06441,R,nd1S05508,L,1.388008
485,0485__860159__895494__score-1.388.jpg,860159,895494,nd1S05675,L,nd1S06217,L,1.388093
486,0486__729009__870582__score-1.388.jpg,729009,870582,nd1S05675,L,nd1S05735,R,1.388124
487,0487__204059__280057__score-1.388.jpg,204059,280057,nd1S02463,L,nd1S05694,R,1.388138
488,0488__1089963__229068__score-1.388.jpg,1089963,229068,nd1S06927,R,nd1S05271,L,1.388170
489,0489__707675__898677__score-1.388.jpg,707675,898677,nd1S05714,L,nd1S05735,L,1.388262
490,0490__1103818__345819__score-1.388.jpg,1103818,345819,nd1S06505,L,nd1S05682,L,1.388270
491,0491__443623__539517__score-1.388.jpg,443623,539517,nd1S05963,L,nd1S05974,R,1.388277
492,0492__1056679__726510__score-1.388.jpg,1056679,726510,nd1S06131,L,nd1S05708,R,1.388324
493,0493__1034760__237912__score-1.388.jpg,1034760,237912,nd1S06793,R,nd1S05405,R,1.388346
494,0494__303551__831095__score-1.388.jpg,303551,831095,nd1S05044,R,nd1S06044,L,1.388429
495,0495__286866__607285__score-1.388.jpg,286866,607285,nd1S05600,R,nd1S05624,L,1.388437
496,0496__764333__895494__score-1.388.jpg,764333,895494,nd1S06221,R,nd1S06217,L,1.388456
497,0497__590182__994507__score-1.388.jpg,590182,994507,nd1S05970,R,nd1S06775,R,1.388465
498,0498__410800__511835__score-1.389.jpg,410800,511835,nd1S05511,L,nd1S05766,L,1.388505
499,0499__710752__764442__score-1.389.jpg,710752,764442,nd1S05881,R,nd1S04418,L,1.388507
500,0500__244163__539045__score-1.389.jpg,244163,539045,nd1S05405,R,nd1S05970,R,1.388575
501,0501__725803__789389__score-1.389.jpg,725803,789389,nd1S06118,R,nd1S05321,L,1.388862
502,0502__527713__705267__score-1.389.jpg,527713,705267,nd1S05999,L,nd1S05379,L,1.388868
503,0503__1192855__676514__score-1.389.jpg,1192855,676514,nd1S04261,L,nd1S05742,R,1.388898
504,0504__764442__788788__score-1.389.jpg,764442,788788,nd1S04418,L,nd1S05810,L,1.388918
505,0505__1018280__519188__score-1.389.jpg,1018280,519188,nd1S06868,L,nd1S06082,L,1.388931
506,0506__1064394__229191__score-1.389.jpg,1064394,229191,nd1S05616,R,nd1S05044,R,1.388962
507,0507__415502__871254__score-1.389.jpg,415502,871254,nd1S05857,R,nd1S06129,L,1.388999
508,0508__241063__701360__score-1.389.jpg,241063,701360,nd1S05321,L,nd1S05970,L,1.389002
509,0509__1066925__755971__score-1.389.jpg,1066925,755971,nd1S05871,L,nd1S06352,L,1.389037
510,0510__1152289__374149__score-1.389.jpg,1152289,374149,nd1S07015,R,nd1S04701,L,1.389043
511,0511__529063__897526__score-1.389.jpg,529063,897526,nd1S05308,L,nd1S05735,L,1.389067
512,0512__529986__611504__score-1.389.jpg,529986,611504,nd1S05957,R,nd1S05842,L,1.389193
513,0513__603487__862716__score-1.389.jpg,603487,862716,nd1S05713,L,nd1S06352,R,1.389209
514,0514__700970__724185__score-1.389.jpg,700970,724185,nd1S05863,L,nd1S06391,L,1.389252
515,0515__165442__520931__score-1.389.jpg,165442,520931,nd1S04851,L,nd1S06079,L,1.389254
516,0516__1129398__1132232__score-1.389.jpg,1129398,1132232,nd1S05856,L,nd1S05321,R,1.389261
517,0517__229070__933168__score-1.389.jpg,229070,933168,nd1S05271,L,nd1S05881,L,1.389264
518,0518__437343__659280__score-1.389.jpg,437343,659280,nd1S05675,L,nd1S05096,R,1.389278
519,0519__185637__664353__score-1.389.jpg,185637,664353,nd1S04684,L,nd1S04667,L,1.389290
520,0520__1044449__911393__score-1.389.jpg,1044449,911393,nd1S05379,L,nd1S05541,L,1.389328
521,0521__1152268__724700__score-1.389.jpg,1152268,724700,nd1S07015,R,nd1S05808,R,1.389421
522,0522__283005__513632__score-1.389.jpg,283005,513632,nd1S05508,L,nd1S05884,L,1.389441
523,0523__1192239__868614__score-1.389.jpg,1192239,868614,nd1S07015,L,nd1S06391,L,1.389453
524,0524__1107805__542146__score-1.389.jpg,1107805,542146,nd1S05871,R,nd1S06091,L,1.389469
525,0525__415504__660181__score-1.390.jpg,415504,660181,nd1S05857,R,nd1S05091,R,1.389507
526,0526__511817__668551__score-1.390.jpg,511817,668551,nd1S05974,R,nd1S05338,R,1.389543
527,0527__869151__947571__score-1.390.jpg,869151,947571,nd1S05407,L,nd1S05624,R,1.389566
528,0528__1014981__660390__score-1.390.jpg,1014981,660390,nd1S05889,L,nd1S05280,L,1.389576
529,0529__278605__664352__score-1.390.jpg,278605,664352,nd1S05694,R,nd1S04667,L,1.389586
530,0530__228393__231635__score-1.390.jpg,228393,231635,nd1S05271,L,nd1S05271,R,1.389616
531,0531__602003__944722__score-1.390.jpg,602003,944722,nd1S05857,R,nd1S05624,R,1.389692
532,0532__228393__511261__score-1.390.jpg,228393,511261,nd1S05271,L,nd1S05999,R,1.389831
533,0533__660390__934651__score-1.390.jpg,660390,934651,nd1S05280,L,nd1S05288,L,1.389908
534,0534__559348__832188__score-1.390.jpg,559348,832188,nd1S05321,L,nd1S06505,L,1.390073
535,0535__420605__858175__score-1.390.jpg,420605,858175,nd1S05810,L,nd1S06352,R,1.390121
536,0536__832000__990823__score-1.390.jpg,832000,990823,nd1S06044,L,nd1S06793,L,1.390122
537,0537__605871__660543__score-1.390.jpg,605871,660543,nd1S05270,R,nd1S05216,L,1.390186
538,0538__1102810__304203__score-1.390.jpg,1102810,304203,nd1S06793,R,nd1S05653,L,1.390201
539,0539__237385__660394__score-1.390.jpg,237385,660394,nd1S05256,L,nd1S05280,L,1.390207
540,0540__518331__602718__score-1.390.jpg,518331,602718,nd1S05373,R,nd1S05970,R,1.390263
541,0541__660375__705913__score-1.390.jpg,660375,705913,nd1S05279,R,nd1S06344,L,1.390270
542,0542__656698__819148__score-1.390.jpg,656698,819148,nd1S05044,R,nd1S05321,R,1.390274
543,0543__1112190__450345__score-1.390.jpg,1112190,450345,nd1S04394,L,nd1S05870,L,1.390453
544,0544__303476__517944__score-1.390.jpg,303476,517944,nd1S05695,R,nd1S05845,L,1.390499
545,0545__541046__667588__score-1.391.jpg,541046,667588,nd1S04649,L,nd1S05308,L,1.390548
546,0546__1013655__830750__score-1.391.jpg,1013655,830750,nd1S02463,L,nd1S06352,R,1.390549
547,0547__449966__971416__score-1.391.jpg,449966,971416,nd1S05597,L,nd1S05246,R,1.390575
548,0548__160252__762337__score-1.391.jpg,160252,762337,nd1S04684,L,nd1S05766,L,1.390594
549,0549__665954__868614__score-1.391.jpg,665954,868614,nd1S05289,L,nd1S06391,L,1.390720
550,0550__256701__706256__score-1.391.jpg,256701,706256,nd1S05508,L,nd1S06300,L,1.390727
551,0551__415409__450154__score-1.391.jpg,415409,450154,nd1S05932,L,nd1S05708,L,1.390781
552,0552__615069__660645__score-1.391.jpg,615069,660645,nd1S05831,R,nd1S05214,R,1.390900
553,0553__1155337__519781__score-1.391.jpg,1155337,519781,nd1S07015,R,nd1S05974,R,1.390911
554,0554__1062873__904425__score-1.391.jpg,1062873,904425,nd1S05889,L,nd1S05742,L,1.390925
555,0555__615305__668992__score-1.391.jpg,615305,668992,nd1S05863,L,nd1S05213,L,1.390925
556,0556__661424__696539__score-1.391.jpg,661424,696539,nd1S04667,L,nd1S06352,L,1.390941
557,0557__667018__682834__score-1.391.jpg,667018,682834,nd1S05284,L,nd1S05742,R,1.391049
558,0558__1152104__942815__score-1.391.jpg,1152104,942815,nd1S07015,R,nd1S06300,L,1.391070
559,0559__1018283__668903__score-1.391.jpg,1018283,668903,nd1S06868,L,nd1S05340,L,1.391093
560,0560__266392__668645__score-1.391.jpg,266392,668645,nd1S05682,L,nd1S04970,R,1.391157
561,0561__539803__583410__score-1.391.jpg,539803,583410,nd1S05456,L,nd1S05033,R,1.391192
562,0562__1017028__667798__score-1.391.jpg,1017028,667798,nd1S05889,R,nd1S05317,R,1.391219
563,0563__178513__939286__score-1.391.jpg,178513,939286,nd1S04394,R,nd1S06760,R,1.391301
564,0564__1112911__911153__score-1.391.jpg,1112911,911153,nd1S05954,L,nd1S05842,L,1.391308
565,0565__259464__705267__score-1.391.jpg,259464,705267,nd1S05315,L,nd1S05379,L,1.391356
566,0566__1059241__660405__score-1.391.jpg,1059241,660405,nd1S06131,L,nd1S05281,L,1.391395
567,0567__542470__682460__score-1.392.jpg,542470,682460,nd1S05624,R,nd1S06110,R,1.391573
568,0568__591982__825314__score-1.392.jpg,591982,825314,nd1S05749,L,nd1S06044,L,1.391599
569,0569__416600__452152__score-1.392.jpg,416600,452152,nd1S05456,R,nd1S05999,R,1.391610
570,0570__664808__666193__score-1.392.jpg,664808,666193,nd1S04683,L,nd1S05044,R,1.391611
571,0571__1012191__258134__score-1.392.jpg,1012191,258134,nd1S06859,R,nd1S05511,L,1.391645
572,0572__1065335__529066__score-1.392.jpg,1065335,529066,nd1S06927,R,nd1S05308,L,1.391648
573,0573__283636__554137__score-1.392.jpg,283636,554137,nd1S05317,R,nd1S04649,L,1.391650
574,0574__659701__725209__score-1.392.jpg,659701,725209,nd1S05275,R,nd1S05974,R,1.391685
575,0575__417225__513406__score-1.392.jpg,417225,513406,nd1S05271,L,nd1S05999,R,1.391768
576,0576__659439__660292__score-1.392.jpg,659439,660292,nd1S05270,R,nd1S05060,R,1.391778
577,0577__217090__659477__score-1.392.jpg,217090,659477,nd1S04851,L,nd1S05271,L,1.391817
578,0578__374137__542481__score-1.392.jpg,374137,542481,nd1S04701,L,nd1S05624,L,1.391910
579,0579__1043394__578832__score-1.392.jpg,1043394,578832,nd1S05310,R,nd1S05713,L,1.392045
580,0580__1012909__705661__score-1.392.jpg,1012909,705661,nd1S06793,L,nd1S06110,R,1.392073
581,0581__583995__668550__score-1.392.jpg,583995,668550,nd1S06202,R,nd1S05338,R,1.392087
582,0582__1035705__546228__score-1.392.jpg,1035705,546228,nd1S05619,L,nd1S05271,L,1.392126
583,0583__659410__860409__score-1.392.jpg,659410,860409,nd1S05269,L,nd1S05863,L,1.392172
584,0584__660981__829089__score-1.392.jpg,660981,829089,nd1S05049,R,nd1S05624,R,1.392181
585,0585__903081__969902__score-1.392.jpg,903081,969902,nd1S05708,R,nd1S05889,L,1.392240
586,0586__432297__832189__score-1.392.jpg,432297,832189,nd1S05501,R,nd1S06505,L,1.392268
587,0587__541533__611427__score-1.392.jpg,541533,611427,nd1S06128,R,nd1S05308,L,1.392344
588,0588__661008__935116__score-1.392.jpg,661008,935116,nd1S05287,R,nd1S05379,L,1.392413
589,0589__237388__660394__score-1.393.jpg,237388,660394,nd1S05256,L,nd1S05280,L,1.392558
590,0590__1019972__659496__score-1.393.jpg,1019972,659496,nd1S06868,L,nd1S05271,R,1.392741
591,0591__725626__871593__score-1.393.jpg,725626,871593,nd1S06345,R,nd1S05407,R,1.392753
592,0592__1148984__707072__score-1.393.jpg,1148984,707072,nd1S07015,R,nd1S05808,R,1.392766
593,0593__710103__969902__score-1.393.jpg,710103,969902,nd1S06500,L,nd1S05889,L,1.392818
594,0594__1135295__696395__score-1.393.jpg,1135295,696395,nd1S05889,R,nd1S05033,R,1.392853
595,0595__869796__896443__score-1.393.jpg,869796,896443,nd1S06129,L,nd1S05735,L,1.392860
596,0596__1192881__401487__score-1.393.jpg,1192881,401487,nd1S04261,L,nd1S05742,R,1.392875
597,0597__1131736__694820__score-1.393.jpg,1131736,694820,nd1S06118,R,nd1S05587,R,1.392957
598,0598__1034936__1129235__score-1.393.jpg,1034936,1129235,nd1S05963,R,nd1S05742,R,1.392979
599,0599__189040__259580__score-1.393.jpg,189040,259580,nd1S04851,L,nd1S05619,L,1.392987
600,0600__793028__864599__score-1.393.jpg,793028,864599,nd1S05868,L,nd1S05301,R,1.393043
601,0601__1135287__860159__score-1.393.jpg,1135287,860159,nd1S05889,L,nd1S05675,L,1.393095
602,0602__587567__942642__score-1.393.jpg,587567,942642,nd1S06217,L,nd1S06793,L,1.393200
603,0603__758901__858309__score-1.393.jpg,758901,858309,nd1S05629,L,nd1S04649,L,1.393217
604,0604__531442__538532__score-1.393.jpg,531442,538532,nd1S05708,L,nd1S05963,L,1.393245
605,0605__856887__996717__score-1.393.jpg,856887,996717,nd1S05301,L,nd1S05932,L,1.393260
606,0606__540999__724277__score-1.393.jpg,540999,724277,nd1S06126,R,nd1S05970,R,1.393349
607,0607__1064175__723394__score-1.393.jpg,1064175,723394,nd1S05963,R,nd1S05714,L,1.393369
608,0608__1103821__1133078__score-1.393.jpg,1103821,1133078,nd1S06505,R,nd1S05321,R,1.393407
609,0609__765353__968075__score-1.393.jpg,765353,968075,nd1S05881,R,nd1S05881,L,1.393412
610,0610__659490__791781__score-1.393.jpg,659490,791781,nd1S05271,L,nd1S06086,L,1.393415
611,0611__185568__588667__score-1.393.jpg,185568,588667,nd1S04683,L,nd1S05695,R,1.393429
612,0612__829089__870379__score-1.393.jpg,829089,870379,nd1S05624,R,nd1S05541,R,1.393432
613,0613__660542__903069__score-1.393.jpg,660542,903069,nd1S05216,L,nd1S05742,L,1.393432
614,0614__856108__896832__score-1.393.jpg,856108,896832,nd1S05587,R,nd1S05379,R,1.393445
615,0615__387196__660398__score-1.393.jpg,387196,660398,nd1S05766,L,nd1S05280,R,1.393450
616,0616__187714__704455__score-1.394.jpg,187714,704455,nd1S04786,L,nd1S05880,L,1.393543
617,0617__1113168__704800__score-1.394.jpg,1113168,704800,nd1S05889,L,nd1S05766,L,1.393554
618,0618__399124__768547__score-1.394.jpg,399124,768547,nd1S05653,L,nd1S04418,L,1.393598
619,0619__1131745__541002__score-1.394.jpg,1131745,541002,nd1S05954,R,nd1S06126,R,1.393611
620,0620__831106__902902__score-1.394.jpg,831106,902902,nd1S06044,L,nd1S05407,R,1.393693
621,0621__660774__661878__score-1.394.jpg,660774,661878,nd1S05284,R,nd1S05049,R,1.393771
622,0622__611501__760998__score-1.394.jpg,611501,760998,nd1S05842,L,nd1S06118,L,1.393790
623,0623__520602__663003__score-1.394.jpg,520602,663003,nd1S05970,L,nd1S04667,L,1.393862
624,0624__1058664__230685__score-1.394.jpg,1058664,230685,nd1S06788,R,nd1S05310,R,1.393894
625,0625__445497__659276__score-1.394.jpg,445497,659276,nd1S05974,R,nd1S05096,R,1.393900
626,0626__292978__733305__score-1.394.jpg,292978,733305,nd1S05321,R,nd1S06505,R,1.393982
627,0627__591051__700907__score-1.394.jpg,591051,700907,nd1S06202,R,nd1S06441,R,1.393991
628,0628__829089__858299__score-1.394.jpg,829089,858299,nd1S05624,R,nd1S04649,L,1.393993
629,0629__659504__753935__score-1.394.jpg,659504,753935,nd1S05272,L,nd1S06118,L,1.393997
630,0630__1192860__668507__score-1.394.jpg,1192860,668507,nd1S04261,L,nd1S05308,L,1.394151
631,0631__280294__451730__score-1.394.jpg,280294,451730,nd1S05455,L,nd1S05271,L,1.394184
632,0632__535523__799914__score-1.394.jpg,535523,799914,nd1S05044,R,nd1S05541,L,1.394191
633,0633__391598__406403__score-1.394.jpg,391598,406403,nd1S05271,R,nd1S05271,L,1.394213
634,0634__1130299__798670__score-1.394.jpg,1130299,798670,nd1S06118,L,nd1S05842,L,1.394250
635,0635__1192992__262924__score-1.394.jpg,1192992,262924,nd1S04261,R,nd1S05165,L,1.394302
636,0636__416324__793452__score-1.394.jpg,416324,793452,nd1S05714,L,nd1S06110,R,1.394309
637,0637__668504__791637__score-1.394.jpg,668504,791637,nd1S05308,L,nd1S06300,L,1.394349
638,0638__1128642__1130310__score-1.394.jpg,1128642,1130310,nd1S05857,L,nd1S05954,L,1.394422
639,0639__658871__662432__score-1.394.jpg,658871,662432,nd1S05062,R,nd1S05049,R,1.394431
640,0640__764149__831091__score-1.394.jpg,764149,831091,nd1S05587,R,nd1S06131,L,1.394432
641,0641__1112078__275971__score-1.394.jpg,1112078,275971,nd1S05954,R,nd1S05624,R,1.394476
642,0642__313421__665221__score-1.395.jpg,313421,665221,nd1S05713,L,nd1S05049,R,1.394543
643,0643__1103556__541002__score-1.395.jpg,1103556,541002,nd1S06868,L,nd1S06126,R,1.394568
644,0644__1020225__902479__score-1.395.jpg,1020225,902479,nd1S05889,L,nd1S06469,R,1.394644
645,0645__1041977__280885__score-1.395.jpg,1041977,280885,nd1S06350,L,nd1S05379,L,1.394706
646,0646__659685__791160__score-1.395.jpg,659685,791160,nd1S04684,L,nd1S06069,L,1.394749
647,0647__397294__665962__score-1.395.jpg,397294,665962,nd1S05281,L,nd1S05289,R,1.394777
648,0648__1156714__660573__score-1.395.jpg,1156714,660573,nd1S06017,L,nd1S05216,R,1.394834
649,0649__189019__406409__score-1.395.jpg,189019,406409,nd1S04851,L,nd1S05271,L,1.394841
650,0650__1110980__820265__score-1.395.jpg,1110980,820265,nd1S04394,L,nd1S05661,L,1.394982
651,0651__277300__538532__score-1.395.jpg,277300,538532,nd1S04851,L,nd1S05963,L,1.395000
652,0652__788577__799365__score-1.395.jpg,788577,799365,nd1S06344,L,nd1S06217,L,1.395146
653,0653__229070__522074__score-1.395.jpg,229070,522074,nd1S05271,L,nd1S05999,R,1.395212
654,0654__727105__800128__score-1.395.jpg,727105,800128,nd1S05857,R,nd1S06086,L,1.395214
655,0655__660671__934637__score-1.395.jpg,660671,934637,nd1S05283,L,nd1S05288,L,1.395244
656,0656__1192244__659683__score-1.395.jpg,1192244,659683,nd1S07015,L,nd1S04684,L,1.395289
657,0657__230274__240618__score-1.395.jpg,230274,240618,nd1S05340,L,nd1S05501,R,1.395365
658,0658__657949__663958__score-1.395.jpg,657949,663958,nd1S05033,R,nd1S05133,R,1.395366
659,0659__1189974__763885__score-1.395.jpg,1189974,763885,nd1S07015,R,nd1S06044,R,1.395369
660,0660__289041__591211__score-1.395.jpg,289041,591211,nd1S05742,R,nd1S05713,L,1.395461
661,0661__287628__971671__score-1.396.jpg,287628,971671,nd1S05555,R,nd1S06543,R,1.395513
662,0662__1090881__677074__score-1.396.jpg,1090881,677074,nd1S06344,L,nd1S05367,L,1.395515
663,0663__609902__766146__score-1.396.jpg,609902,766146,nd1S06078,R,nd1S06500,L,1.395549
664,0664__1020322__727010__score-1.396.jpg,1020322,727010,nd1S06350,L,nd1S02463,L,1.395568
665,0665__452277__538152__score-1.396.jpg,452277,538152,nd1S05932,L,nd1S06082,L,1.395599
666,0666__660997__682361__score-1.396.jpg,660997,682361,nd1S05287,R,nd1S05863,L,1.395617
667,0667__1153438__590448__score-1.396.jpg,1153438,590448,nd1S06017,L,nd1S05308,L,1.395646
668,0668__830801__856632__score-1.396.jpg,830801,856632,nd1S06131,L,nd1S05321,R,1.395647
669,0669__1135299__728234__score-1.396.jpg,1135299,728234,nd1S05889,L,nd1S04649,L,1.395668
670,0670__407296__659682__score-1.396.jpg,407296,659682,nd1S05694,R,nd1S04684,L,1.395673
671,0671__529525__660771__score-1.396.jpg,529525,660771,nd1S05244,L,nd1S05284,R,1.395687
672,0672__1067694__989360__score-1.396.jpg,1067694,989360,nd1S06118,R,nd1S05456,L,1.395695
673,0673__1034558__1041270__score-1.396.jpg,1034558,1041270,nd1S05932,L,nd1S05889,L,1.395733
674,0674__723584__941191__score-1.396.jpg,723584,941191,nd1S05619,L,nd1S06406,R,1.395738
675,0675__529574__665671__score-1.396.jpg,529574,665671,nd1S05271,L,nd1S05044,R,1.395766
676,0676__1103833__531463__score-1.396.jpg,1103833,531463,nd1S06082,R,nd1S05708,R,1.395840
677,0677__441495__590446__score-1.396.jpg,441495,590446,nd1S04649,L,nd1S05308,L,1.395841
678,0678__243683__513404__score-1.396.jpg,243683,513404,nd1S05044,R,nd1S05999,R,1.395896
679,0679__767720__869141__score-1.396.jpg,767720,869141,nd1S06079,R,nd1S05407,L,1.396015
680,0680__513404__757705__score-1.396.jpg,513404,757705,nd1S05999,R,nd1S05766,L,1.396050
681,0681__661008__665961__score-1.396.jpg,661008,665961,nd1S05287,R,nd1S05289,R,1.396067
682,0682__1192881__682820__score-1.396.jpg,1192881,682820,nd1S04261,L,nd1S05742,R,1.396105
683,0683__660673__665978__score-1.396.jpg,660673,665978,nd1S05283,L,nd1S05096,L,1.396127
684,0684__1130986__591197__score-1.396.jpg,1130986,591197,nd1S05954,R,nd1S06128,R,1.396149
685,0685__606718__897901__score-1.396.jpg,606718,897901,nd1S05375,R,nd1S05321,R,1.396170
686,0686__760998__790688__score-1.396.jpg,760998,790688,nd1S06118,L,nd1S06345,L,1.396185
687,0687__665980__755672__score-1.396.jpg,665980,755672,nd1S05096,L,nd1S05619,L,1.396220
688,0688__1019589__418070__score-1.396.jpg,1019589,418070,nd1S05963,R,nd1S05271,R,1.396279
689,0689__263241__654209__score-1.396.jpg,263241,654209,nd1S05455,L,nd1S05256,L,1.396281
690,0690__233283__260231__score-1.396.jpg,233283,260231,nd1S05511,L,nd1S05624,R,1.396301
691,0691__1192239__396755__score-1.396.jpg,1192239,396755,nd1S07015,L,nd1S05884,L,1.396311
692,0692__558558__590442__score-1.396.jpg,558558,590442,nd1S06128,R,nd1S05308,L,1.396312
693,0693__1155289__701174__score-1.396.jpg,1155289,701174,nd1S07015,R,nd1S05932,L,1.396315
694,0694__256701__911385__score-1.396.jpg,256701,911385,nd1S05508,L,nd1S05541,R,1.396325
695,0695__1084833__830790__score-1.396.jpg,1084833,830790,nd1S06943,R,nd1S06352,R,1.396391
696,0696__1012191__819459__score-1.396.jpg,1012191,819459,nd1S06859,R,nd1S06441,R,1.396415
697,0697__397293__668992__score-1.396.jpg,397293,668992,nd1S05281,L,nd1S05213,L,1.396494
698,0698__397305__667583__score-1.397.jpg,397305,667583,nd1S05281,L,nd1S05308,L,1.396553
699,0699__1041792__406403__score-1.397.jpg,1041792,406403,nd1S05974,L,nd1S05271,L,1.396631
700,0700__192843__527711__score-1.397.jpg,192843,527711,nd1S04394,R,nd1S05999,L,1.396657
701,0701__1013666__1105081__score-1.397.jpg,1013666,1105081,nd1S02463,L,nd1S06793,L,1.396676
702,0702__278275__660372__score-1.397.jpg,278275,660372,nd1S05713,L,nd1S05279,R,1.396682
703,0703__255417__822080__score-1.397.jpg,255417,822080,nd1S05271,L,nd1S05619,L,1.396693
704,0704__441498__591207__score-1.397.jpg,441498,591207,nd1S04649,L,nd1S06128,R,1.396749
705,0705__441124__701263__score-1.397.jpg,441124,701263,nd1S05970,R,nd1S06110,R,1.396770
706,0706__276067__664444__score-1.397.jpg,276067,664444,nd1S05653,L,nd1S05033,R,1.396828
707,0707__659439__994517__score-1.397.jpg,659439,994517,nd1S05270,R,nd1S06775,R,1.396958
708,0708__278279__660365__score-1.397.jpg,278279,660365,nd1S05713,L,nd1S05279,L,1.396983
709,0709__179783__709141__score-1.397.jpg,179783,709141,nd1S02463,L,nd1S06139,L,1.397013
710,0710__818343__897014__score-1.397.jpg,818343,897014,nd1S04394,R,nd1S05321,L,1.397062
711,0711__237628__655287__score-1.397.jpg,237628,655287,nd1S05289,L,nd1S05096,L,1.397177
712,0712__286854__432295__score-1.397.jpg,286854,432295,nd1S05600,L,nd1S05501,R,1.397201
713,0713__277030__707341__score-1.397.jpg,277030,707341,nd1S05321,L,nd1S06085,R,1.397215
714,0714__236264__660314__score-1.397.jpg,236264,660314,nd1S05317,R,nd1S05060,R,1.397256
715,0715__1131768__942629__score-1.397.jpg,1131768,942629,nd1S05853,L,nd1S06793,L,1.397262
716,0716__725197__831989__score-1.397.jpg,725197,831989,nd1S05974,R,nd1S06044,L,1.397285
717,0717__1088852__397291__score-1.397.jpg,1088852,397291,nd1S06927,R,nd1S05281,L,1.397320
718,0718__1149289__668546__score-1.397.jpg,1149289,668546,nd1S07015,R,nd1S05338,R,1.397372
719,0719__527997__798325__score-1.398.jpg,527997,798325,nd1S05842,L,nd1S06217,L,1.397561
720,0720__452277__603290__score-1.398.jpg,452277,603290,nd1S05932,L,nd1S05884,L,1.397573
721,0721__936944__988470__score-1.398.jpg,936944,988470,nd1S05713,R,nd1S05619,L,1.397590
722,0722__315030__613532__score-1.398.jpg,315030,613532,nd1S05740,L,nd1S05379,L,1.397605
723,0723__202511__666346__score-1.398.jpg,202511,666346,nd1S02463,L,nd1S04970,R,1.397623
724,0724__1111241__760320__score-1.398.jpg,1111241,760320,nd1S05889,L,nd1S05541,L,1.397638
725,0725__521068__970762__score-1.398.jpg,521068,970762,nd1S05455,L,nd1S06543,R,1.397669
726,0726__229050__667094__score-1.398.jpg,229050,667094,nd1S05321,R,nd1S05044,R,1.397680
727,0727__614335__901428__score-1.398.jpg,614335,901428,nd1S05999,L,nd1S05379,L,1.397706
728,0728__659371__724195__score-1.398.jpg,659371,724195,nd1S05244,L,nd1S06391,L,1.397765
729,0729__1103073__676575__score-1.398.jpg,1103073,676575,nd1S05661,L,nd1S05321,L,1.397800
730,0730__660642__707898__score-1.398.jpg,660642,707898,nd1S05214,R,nd1S06441,R,1.397821
731,0731__706256__944600__score-1.398.jpg,706256,944600,nd1S06300,L,nd1S05246,R,1.397822
732,0732__611701__614335__score-1.398.jpg,611701,614335,nd1S05963,L,nd1S05999,L,1.397941
733,0733__668171__935099__score-1.398.jpg,668171,935099,nd1S05062,R,nd1S02463,L,1.397947
734,0734__1065299__667586__score-1.398.jpg,1065299,667586,nd1S02463,L,nd1S05308,L,1.397981
735,0735__1112082__526642__score-1.398.jpg,1112082,526642,nd1S05954,R,nd1S05999,R,1.398003
736,0736__160439__256316__score-1.398.jpg,160439,256316,nd1S04851,L,nd1S05619,L,1.398216
737,0737__1108981__406131__score-1.398.jpg,1108981,406131,nd1S05974,L,nd1S05315,L,1.398222
738,0738__542464__868675__score-1.398.jpg,542464,868675,nd1S05624,R,nd1S05379,L,1.398256
739,0739__189057__264067__score-1.398.jpg,189057,264067,nd1S04851,L,nd1S05271,L,1.398272
740,0740__660339__765353__score-1.398.jpg,660339,765353,nd1S05278,R,nd1S05881,R,1.398303
741,0741__1113163__707834__score-1.398.jpg,1113163,707834,nd1S05889,L,nd1S06406,R,1.398369
742,0742__410318__557400__score-1.398.jpg,410318,557400,nd1S05597,L,nd1S06110,R,1.398406
743,0743__768646__795568__score-1.398.jpg,768646,795568,nd1S05321,R,nd1S05661,L,1.398415
744,0744__417225__513397__score-1.398.jpg,417225,513397,nd1S05271,L,nd1S05999,R,1.398457
745,0745__1193003__217090__score-1.398.jpg,1193003,217090,nd1S04261,R,nd1S04851,L,1.398484
746,0746__416444__791649__score-1.399.jpg,416444,791649,nd1S05555,R,nd1S06300,L,1.398513
747,0747__1109575__707831__score-1.399.jpg,1109575,707831,nd1S05871,R,nd1S06406,L,1.398593
748,0748__556495__661749__score-1.399.jpg,556495,661749,nd1S05808,R,nd1S04970,R,1.398606
749,0749__229055__709563__score-1.399.jpg,229055,709563,nd1S05244,L,nd1S05735,R,1.398663
750,0750__1091156__668646__score-1.399.jpg,1091156,668646,nd1S02463,L,nd1S04970,R,1.398685
751,0751__1161496__543153__score-1.399.jpg,1161496,543153,nd1S06017,L,nd1S05367,L,1.398719
752,0752__1103838__659278__score-1.399.jpg,1103838,659278,nd1S06082,R,nd1S05096,R,1.398724
753,0753__1021140__729793__score-1.399.jpg,1021140,729793,nd1S05963,R,nd1S06079,L,1.398778
754,0754__417382__907341__score-1.399.jpg,417382,907341,nd1S05854,R,nd1S05624,L,1.398832
755,0755__522740__538541__score-1.399.jpg,522740,538541,nd1S05271,L,nd1S05963,L,1.398968
756,0756__1131431__995465__score-1.399.jpg,1131431,995465,nd1S05456,R,nd1S06107,R,1.398978
757,0757__302355__374119__score-1.399.jpg,302355,374119,nd1S05044,L,nd1S04701,L,1.398980
758,0758__264067__557157__score-1.399.jpg,264067,557157,nd1S05271,L,nd1S04649,L,1.398984
759,0759__1042066__229069__score-1.399.jpg,1042066,229069,nd1S06344,L,nd1S05271,L,1.398990
760,0760__443813__655645__score-1.399.jpg,443813,655645,nd1S05624,L,nd1S04851,L,1.398993
761,0761__515557__709069__score-1.399.jpg,515557,709069,nd1S05459,L,nd1S06069,L,1.399085
762,0762__268867__664249__score-1.399.jpg,268867,664249,nd1S05624,L,nd1S04701,L,1.399124
763,0763__160439__255418__score-1.399.jpg,160439,255418,nd1S04851,L,nd1S05271,L,1.399134
764,0764__664849__832197__score-1.399.jpg,664849,832197,nd1S04667,L,nd1S06505,L,1.399140
765,0765__1042350__799853__score-1.399.jpg,1042350,799853,nd1S05310,R,nd1S06345,L,1.399176
766,0766__1149289__722625__score-1.399.jpg,1149289,722625,nd1S07015,R,nd1S06107,R,1.399225
767,0767__659276__660782__score-1.399.jpg,659276,660782,nd1S05096,R,nd1S05260,R,1.399250
768,0768__1042607__591514__score-1.399.jpg,1042607,591514,nd1S06500,L,nd1S05856,R,1.399284
769,0769__660673__661162__score-1.399.jpg,660673,661162,nd1S05283,L,nd1S04505,L,1.399297
770,0770__1014380__867209__score-1.399.jpg,1014380,867209,nd1S06745,R,nd1S05863,L,1.399359
771,0771__762632__866310__score-1.399.jpg,762632,866310,nd1S06469,R,nd1S06352,R,1.399360
772,0772__231568__276426__score-1.399.jpg,231568,276426,nd1S05289,L,nd1S05317,L,1.399441
773,0773__870377__970878__score-1.399.jpg,870377,970878,nd1S05541,L,nd1S05957,L,1.399441
774,0774__520307__676099__score-1.399.jpg,520307,676099,nd1S05321,R,nd1S05661,L,1.399490
775,0775__187714__724762__score-1.399.jpg,187714,724762,nd1S04786,L,nd1S05713,L,1.399495
776,0776__661429__945238__score-1.400.jpg,661429,945238,nd1S04667,L,nd1S06768,R,1.399512
777,0777__165161__192822__score-1.400.jpg,165161,192822,nd1S04667,L,nd1S04394,R,1.399517
778,0778__192841__580605__score-1.400.jpg,192841,580605,nd1S04394,R,nd1S05970,R,1.399573
779,0779__167630__583410__score-1.400.jpg,167630,583410,nd1S04851,L,nd1S05033,R,1.399627
780,0780__1110959__970762__score-1.400.jpg,1110959,970762,nd1S04394,L,nd1S06543,R,1.399734
781,0781__437241__676916__score-1.400.jpg,437241,676916,nd1S05459,L,nd1S05932,L,1.399766
782,0782__1192872__707354__score-1.400.jpg,1192872,707354,nd1S04261,L,nd1S06085,R,1.399853
783,0783__1010198__766137__score-1.400.jpg,1010198,766137,nd1S06793,R,nd1S06500,L,1.399900
784,0784__374149__660336__score-1.400.jpg,374149,660336,nd1S04701,L,nd1S05278,R,1.399925
785,0785__663007__696438__score-1.400.jpg,663007,696438,nd1S04667,L,nd1S05708,R,1.399938
786,0786__1090032__906132__score-1.400.jpg,1090032,906132,nd1S06131,L,nd1S05810,L,1.399954
787,0787__1112200__605871__score-1.400.jpg,1112200,605871,nd1S06344,L,nd1S05270,R,1.399957
788,0788__1013655__757435__score-1.400.jpg,1013655,757435,nd1S02463,L,nd1S06406,R,1.399964
789,0789__607288__659122__score-1.400.jpg,607288,659122,nd1S05624,L,nd1S04701,L,1.400010
790,0790__209267__560058__score-1.400.jpg,209267,560058,nd1S04859,R,nd1S05624,R,1.400110
791,0791__604182__908490__score-1.400.jpg,604182,908490,nd1S05832,R,nd1S05541,L,1.400111
792,0792__1192892__397306__score-1.400.jpg,1192892,397306,nd1S04261,L,nd1S05281,L,1.400112
793,0793__870378__895494__score-1.400.jpg,870378,895494,nd1S05541,R,nd1S06217,L,1.400133
794,0794__1086667__542830__score-1.400.jpg,1086667,542830,nd1S06932,R,nd1S06044,R,1.400138
795,0795__392224__722315__score-1.400.jpg,392224,722315,nd1S05555,R,nd1S06300,L,1.400139
796,0796__1155759__724690__score-1.400.jpg,1155759,724690,nd1S07015,R,nd1S05808,R,1.400186
797,0797__666764__728074__score-1.400.jpg,666764,728074,nd1S05213,L,nd1S06245,L,1.400186
798,0798__762337__764875__score-1.400.jpg,762337,764875,nd1S05766,L,nd1S06128,R,1.400210
799,0799__796310__817484__score-1.400.jpg,796310,817484,nd1S05881,L,nd1S05881,R,1.400281
800,0800__800719__831430__score-1.400.jpg,800719,831430,nd1S05661,L,nd1S06129,L,1.400282
801,0801__592802__754795__score-1.400.jpg,592802,754795,nd1S05831,R,nd1S05889,R,1.400301
802,0802__603292__668646__score-1.400.jpg,603292,668646,nd1S05884,L,nd1S04970,R,1.400345
803,0803__586815__796154__score-1.400.jpg,586815,796154,nd1S05713,L,nd1S05310,R,1.400363
804,0804__1063973__692938__score-1.400.jpg,1063973,692938,nd1S02463,L,nd1S05842,L,1.400419
805,0805__309414__537394__score-1.400.jpg,309414,537394,nd1S05808,R,nd1S06128,L,1.400422
806,0806__1113259__911386__score-1.400.jpg,1113259,911386,nd1S05853,L,nd1S05541,R,1.400452
807,0807__256847__696899__score-1.400.jpg,256847,696899,nd1S05624,L,nd1S05810,L,1.400489
808,0808__1152268__900104__score-1.401.jpg,1152268,900104,nd1S07015,R,nd1S05766,L,1.400512
809,0809__271546__407195__score-1.401.jpg,271546,407195,nd1S05455,L,nd1S05508,L,1.400536
810,0810__614838__659593__score-1.401.jpg,614838,659593,nd1S05868,L,nd1S05273,R,1.400544
811,0811__1192864__659263__score-1.401.jpg,1192864,659263,nd1S04261,L,nd1S05062,L,1.400562
812,0812__530494__819145__score-1.401.jpg,530494,819145,nd1S05881,R,nd1S05321,L,1.400580
813,0813__660273__665658__score-1.401.jpg,660273,665658,nd1S04786,L,nd1S05284,R,1.400600
814,0814__185643__580605__score-1.401.jpg,185643,580605,nd1S04684,L,nd1S05970,R,1.400621
815,0815__1044445__911384__score-1.401.jpg,1044445,911384,nd1S05379,R,nd1S05541,R,1.400661
816,0816__1063974__764261__score-1.401.jpg,1063974,764261,nd1S02463,L,nd1S05810,L,1.400693
817,0817__1034383__938277__score-1.401.jpg,1034383,938277,nd1S06868,L,nd1S06406,L,1.400723
818,0818__241062__535480__score-1.401.jpg,241062,535480,nd1S05321,L,nd1S05044,L,1.400752
819,0819__1103567__938277__score-1.401.jpg,1103567,938277,nd1S06868,L,nd1S06406,L,1.400776
820,0820__591758__608039__score-1.401.jpg,591758,608039,nd1S05999,L,nd1S05863,L,1.400777
821,0821__1059389__764908__score-1.401.jpg,1059389,764908,nd1S05321,R,nd1S06128,R,1.400845
822,0822__517593__529064__score-1.401.jpg,517593,529064,nd1S04649,L,nd1S05308,L,1.400858
823,0823__764859__903069__score-1.401.jpg,764859,903069,nd1S06128,L,nd1S05742,L,1.400860
824,0824__233242__676015__score-1.401.jpg,233242,676015,nd1S05379,R,nd1S06344,L,1.400869
825,0825__587572__820275__score-1.401.jpg,587572,820275,nd1S06217,L,nd1S06345,L,1.400873
826,0826__243684__661749__score-1.401.jpg,243684,661749,nd1S05044,R,nd1S04970,R,1.400896
827,0827__1064346__790691__score-1.401.jpg,1064346,790691,nd1S06745,R,nd1S06345,L,1.400906
828,0828__583654__659685__score-1.401.jpg,583654,659685,nd1S05661,L,nd1S04684,L,1.400915
829,0829__284139__659493__score-1.401.jpg,284139,659493,nd1S05743,L,nd1S05271,L,1.400931
830,0830__1106439__1130283__score-1.401.jpg,1106439,1130283,nd1S05880,R,nd1S06118,R,1.400938
831,0831__269635__668649__score-1.401.jpg,269635,668649,nd1S05653,L,nd1S04970,R,1.400963
832,0832__1104788__831076__score-1.401.jpg,1104788,831076,nd1S06505,L,nd1S06500,L,1.400975
833,0833__583650__729793__score-1.401.jpg,583650,729793,nd1S05661,L,nd1S06079,L,1.400999
834,0834__592380__660312__score-1.401.jpg,592380,660312,nd1S05367,L,nd1S05060,L,1.401012
835,0835__315047__590604__score-1.401.jpg,315047,590604,nd1S05832,R,nd1S05338,R,1.401025
836,0836__286091__726899__score-1.401.jpg,286091,726899,nd1S05766,L,nd1S05379,R,1.401045
837,0837__437343__990703__score-1.401.jpg,437343,990703,nd1S05675,L,nd1S06245,L,1.401088
838,0838__262572__794822__score-1.401.jpg,262572,794822,nd1S05310,R,nd1S06345,L,1.401115
839,0839__1113667__584293__score-1.401.jpg,1113667,584293,nd1S05863,L,nd1S05842,L,1.401141
840,0840__1130332__436187__score-1.401.jpg,1130332,436187,nd1S05853,R,nd1S05857,R,1.401196
841,0841__1105770__899773__score-1.401.jpg,1105770,899773,nd1S06793,R,nd1S05547,R,1.401232
842,0842__262155__995465__score-1.401.jpg,262155,995465,nd1S05587,R,nd1S06107,R,1.401381
843,0843__591207__669463__score-1.401.jpg,591207,669463,nd1S06128,R,nd1S05044,R,1.401407
844,0844__177509__345075__score-1.401.jpg,177509,345075,nd1S04394,R,nd1S05619,L,1.401471
845,0845__696537__862326__score-1.402.jpg,696537,862326,nd1S06352,L,nd1S05301,R,1.401501
846,0846__436032__729009__score-1.402.jpg,436032,729009,nd1S05455,L,nd1S05675,L,1.401507
847,0847__441703__724830__score-1.402.jpg,441703,724830,nd1S05511,L,nd1S06441,R,1.401511
848,0848__537379__668550__score-1.402.jpg,537379,668550,nd1S05373,R,nd1S05338,R,1.401529
849,0849__256310__866305__score-1.402.jpg,256310,866305,nd1S05619,L,nd1S06352,R,1.401546
850,0850__758408__829089__score-1.402.jpg,758408,829089,nd1S05857,R,nd1S05624,R,1.401554
851,0851__438178__660356__score-1.402.jpg,438178,660356,nd1S05028,R,nd1S05279,L,1.401595
852,0852__262947__660810__score-1.402.jpg,262947,660810,nd1S05317,L,nd1S05285,R,1.401629
853,0853__659712__665978__score-1.402.jpg,659712,665978,nd1S05275,R,nd1S05096,L,1.401661
854,0854__756983__762632__score-1.402.jpg,756983,762632,nd1S05974,R,nd1S06469,R,1.401668
855,0855__228776__898439__score-1.402.jpg,228776,898439,nd1S05456,R,nd1S06391,L,1.401687
856,0856__580049__967092__score-1.402.jpg,580049,967092,nd1S06107,R,nd1S05619,R,1.401695
857,0857__1087252__682750__score-1.402.jpg,1087252,682750,nd1S06118,L,nd1S05321,R,1.401700
858,0858__527769__654809__score-1.402.jpg,527769,654809,nd1S05808,R,nd1S05129,R,1.401751
859,0859__665578__907293__score-1.402.jpg,665578,907293,nd1S05288,L,nd1S06118,R,1.401765
860,0860__288381__602716__score-1.402.jpg,288381,602716,nd1S05491,R,nd1S05970,R,1.401828
861,0861__170258__677064__score-1.402.jpg,170258,677064,nd1S05129,R,nd1S05367,L,1.401829
862,0862__755760__832197__score-1.402.jpg,755760,832197,nd1S06118,L,nd1S06505,L,1.401841
863,0863__170247__391947__score-1.402.jpg,170247,391947,nd1S05129,R,nd1S05810,L,1.401863
864,0864__764095__995637__score-1.402.jpg,764095,995637,nd1S06079,L,nd1S05881,L,1.401887
865,0865__1113259__896827__score-1.402.jpg,1113259,896827,nd1S05853,L,nd1S05379,L,1.402011
866,0866__428361__614333__score-1.402.jpg,428361,614333,nd1S04394,R,nd1S05999,L,1.402042
867,0867__262291__415176__score-1.402.jpg,262291,415176,nd1S05244,R,nd1S05044,R,1.402194
868,0868__663046__767860__score-1.402.jpg,663046,767860,nd1S04701,R,nd1S06128,R,1.402251
869,0869__692938__995636__score-1.402.jpg,692938,995636,nd1S05842,L,nd1S05881,L,1.402312
870,0870__1086703__961992__score-1.402.jpg,1086703,961992,nd1S05456,L,nd1S06131,L,1.402334
871,0871__663006__832197__score-1.402.jpg,663006,832197,nd1S04667,L,nd1S06505,L,1.402373
872,0872__1033850__763264__score-1.402.jpg,1033850,763264,nd1S05619,R,nd1S05868,L,1.402388
873,0873__1192878__1192990__score-1.402.jpg,1192878,1192990,nd1S04261,L,nd1S04261,R,1.402421
874,0874__160439__256315__score-1.402.jpg,160439,256315,nd1S04851,L,nd1S05619,L,1.402424
875,0875__1113899__760524__score-1.402.jpg,1113899,760524,nd1S05954,R,nd1S04394,R,1.402443
876,0876__412626__971416__score-1.402.jpg,412626,971416,nd1S05597,L,nd1S05246,R,1.402470
877,0877__666864__942884__score-1.403.jpg,666864,942884,nd1S05289,R,nd1S06768,R,1.402550
878,0878__529068__935033__score-1.403.jpg,529068,935033,nd1S05308,L,nd1S02463,L,1.402571
879,0879__1013666__1042031__score-1.403.jpg,1013666,1042031,nd1S02463,L,nd1S06350,L,1.402594
880,0880__1161677__757726__score-1.403.jpg,1161677,757726,nd1S06017,R,nd1S05379,L,1.402626
881,0881__1015531__237634__score-1.403.jpg,1015531,237634,nd1S05857,R,nd1S05289,R,1.402643
882,0882__1016516__669796__score-1.403.jpg,1016516,669796,nd1S05379,L,nd1S05315,L,1.402647
883,0883__1113743__794824__score-1.403.jpg,1113743,794824,nd1S05953,R,nd1S06345,L,1.402658
884,0884__664255__709069__score-1.403.jpg,664255,709069,nd1S04701,R,nd1S06069,L,1.402717
885,0885__237696__944375__score-1.403.jpg,237696,944375,nd1S05379,R,nd1S06768,L,1.402728
886,0886__613268__820283__score-1.403.jpg,613268,820283,nd1S06079,L,nd1S06345,L,1.402802
887,0887__1129585__1193006__score-1.403.jpg,1129585,1193006,nd1S05456,L,nd1S04261,R,1.402893
888,0888__529064__934763__score-1.403.jpg,529064,934763,nd1S05308,L,nd1S02463,L,1.402897
889,0889__580043__946597__score-1.403.jpg,580043,946597,nd1S05555,R,nd1S06793,R,1.402949
890,0890__1087227__831960__score-1.403.jpg,1087227,831960,nd1S05456,R,nd1S06500,L,1.403026
891,0891__540468__901178__score-1.403.jpg,540468,901178,nd1S05884,L,nd1S05735,R,1.403052
892,0892__668504__935084__score-1.403.jpg,668504,935084,nd1S05308,L,nd1S05271,L,1.403053
893,0893__254684__938514__score-1.403.jpg,254684,938514,nd1S05600,R,nd1S06768,R,1.403055
894,0894__1043101__697806__score-1.403.jpg,1043101,697806,nd1S06350,L,nd1S06406,R,1.403096
895,0895__1192867__1192986__score-1.403.jpg,1192867,1192986,nd1S04261,L,nd1S04261,R,1.403118
896,0896__676498__935099__score-1.403.jpg,676498,935099,nd1S06044,R,nd1S02463,L,1.403246
897,0897__762632__991423__score-1.403.jpg,762632,991423,nd1S06469,R,nd1S05857,R,1.403308
898,0898__254819__415506__score-1.403.jpg,254819,415506,nd1S05244,L,nd1S05857,R,1.403323
899,0899__1060175__527769__score-1.403.jpg,1060175,527769,nd1S06788,R,nd1S05808,R,1.403342
900,0900__591823__818256__score-1.403.jpg,591823,818256,nd1S06044,R,nd1S05619,L,1.403352
901,0901__722809__907372__score-1.403.jpg,722809,907372,nd1S04649,L,nd1S06352,R,1.403362
902,0902__1081629__856632__score-1.403.jpg,1081629,856632,nd1S05619,R,nd1S05321,R,1.403491
903,0903__256847__511156__score-1.404.jpg,256847,511156,nd1S05624,L,nd1S05749,L,1.403504
904,0904__1103567__653489__score-1.404.jpg,1103567,653489,nd1S06868,L,nd1S05033,R,1.403548
905,0905__428264__660816__score-1.404.jpg,428264,660816,nd1S05884,L,nd1S05285,L,1.403586
906,0906__659367__935084__score-1.404.jpg,659367,935084,nd1S05244,L,nd1S05271,L,1.403592
907,0907__725112__760524__score-1.404.jpg,725112,760524,nd1S05455,L,nd1S04394,R,1.403604
908,0908__403067__708622__score-1.404.jpg,403067,708622,nd1S05766,L,nd1S05842,L,1.403628
909,0909__415346__657795__score-1.404.jpg,415346,657795,nd1S05742,R,nd1S05049,R,1.403644
910,0910__1192984__973740__score-1.404.jpg,1192984,973740,nd1S04261,R,nd1S06245,L,1.403663
911,0911__1198457__519193__score-1.404.jpg,1198457,519193,nd1S05661,L,nd1S06082,L,1.403693
912,0912__304208__989827__score-1.404.jpg,304208,989827,nd1S05653,L,nd1S06793,R,1.403707
913,0913__346731__861064__score-1.404.jpg,346731,861064,nd1S05842,L,nd1S05321,R,1.403767
914,0914__755792__764908__score-1.404.jpg,755792,764908,nd1S04649,L,nd1S06128,R,1.403811
915,0915__1085403__657293__score-1.404.jpg,1085403,657293,nd1S06745,L,nd1S05249,R,1.403858
916,0916__1034760__1110824__score-1.404.jpg,1034760,1110824,nd1S06793,R,nd1S05673,R,1.403862
917,0917__660543__660547__score-1.404.jpg,660543,660547,nd1S05216,L,nd1S05216,R,1.403883
918,0918__1130649__758901__score-1.404.jpg,1130649,758901,nd1S05321,R,nd1S05629,L,1.403893
919,0919__530292__539152__score-1.404.jpg,530292,539152,nd1S05555,R,nd1S05808,R,1.403895
920,0920__764261__902922__score-1.404.jpg,764261,902922,nd1S05810,L,nd1S05713,R,1.403929
921,0921__1192896__904794__score-1.404.jpg,1192896,904794,nd1S04261,L,nd1S05810,L,1.403933
922,0922__178513__271092__score-1.404.jpg,178513,271092,nd1S04394,R,nd1S05600,R,1.403934
923,0923__661748__663790__score-1.404.jpg,661748,663790,nd1S04970,R,nd1S05044,R,1.403939
924,0924__615592__732921__score-1.404.jpg,615592,732921,nd1S05501,R,nd1S06126,R,1.403945
925,0925__161025__659522__score-1.404.jpg,161025,659522,nd1S02463,L,nd1S05272,R,1.403950
926,0926__659428__945238__score-1.404.jpg,659428,945238,nd1S05269,R,nd1S06768,R,1.403967
927,0927__1192220__728968__score-1.404.jpg,1192220,728968,nd1S07015,L,nd1S06110,R,1.403972
928,0928__1043101__660274__score-1.404.jpg,1043101,660274,nd1S06350,L,nd1S04786,L,1.403979
929,0929__1158245__660413__score-1.404.jpg,1158245,660413,nd1S06017,L,nd1S05281,L,1.404018
930,0930__436038__707595__score-1.404.jpg,436038,707595,nd1S05455,L,nd1S05868,L,1.404026
931,0931__407195__819469__score-1.404.jpg,407195,819469,nd1S05508,L,nd1S06441,R,1.404058
932,0932__244618__988806__score-1.404.jpg,244618,988806,nd1S05213,L,nd1S06793,L,1.404068
933,0933__1127884__262922__score-1.404.jpg,1127884,262922,nd1S05963,R,nd1S05165,L,1.404093
934,0934__1109513__511261__score-1.404.jpg,1109513,511261,nd1S05455,R,nd1S05999,R,1.404141
935,0935__722799__902897__score-1.404.jpg,722799,902897,nd1S04649,L,nd1S05407,L,1.404143
936,0936__609737__660541__score-1.404.jpg,609737,660541,nd1S05999,L,nd1S05216,L,1.404199
937,0937__1020225__858168__score-1.404.jpg,1020225,858168,nd1S05889,L,nd1S06352,R,1.404239
938,0938__512662__667798__score-1.404.jpg,512662,667798,nd1S05881,L,nd1S05317,R,1.404273
939,0939__207642__866015__score-1.404.jpg,207642,866015,nd1S04505,L,nd1S05856,R,1.404309
940,0940__709541__760750__score-1.404.jpg,709541,760750,nd1S05547,R,nd1S06441,R,1.404328
941,0941__391578__760639__score-1.404.jpg,391578,760639,nd1S05271,R,nd1S05963,L,1.404337
942,0942__660347__906919__score-1.404.jpg,660347,906919,nd1S05278,R,nd1S05881,R,1.404338
943,0943__1085401__390990__score-1.404.jpg,1085401,390990,nd1S06745,R,nd1S05870,L,1.404367
944,0944__262920__704455__score-1.404.jpg,262920,704455,nd1S05165,L,nd1S05880,L,1.404444
945,0945__790701__863888__score-1.404.jpg,790701,863888,nd1S06345,L,nd1S06217,L,1.404446
946,0946__660770__668617__score-1.404.jpg,660770,668617,nd1S05284,R,nd1S04683,L,1.404452
947,0947__1112077__704412__score-1.404.jpg,1112077,704412,nd1S05954,L,nd1S05629,L,1.404472
948,0948__391944__659546__score-1.404.jpg,391944,659546,nd1S05810,L,nd1S05033,R,1.404491
949,0949__256847__767860__score-1.405.jpg,256847,767860,nd1S05624,L,nd1S06128,R,1.404525
950,0950__584298__710623__score-1.405.jpg,584298,710623,nd1S05842,L,nd1S05974,L,1.404540
951,0951__254684__612118__score-1.405.jpg,254684,612118,nd1S05600,R,nd1S05456,L,1.404547
952,0952__1033056__760365__score-1.405.jpg,1033056,760365,nd1S05742,R,nd1S05735,R,1.404549
953,0953__1192859__662415__score-1.405.jpg,1192859,662415,nd1S04261,L,nd1S05049,L,1.404572
954,0954__1113757__826071__score-1.405.jpg,1113757,826071,nd1S05953,R,nd1S05541,R,1.404665
955,0955__255417__406418__score-1.405.jpg,255417,406418,nd1S05271,L,nd1S05271,R,1.404683
956,0956__856887__903070__score-1.405.jpg,856887,903070,nd1S05301,L,nd1S05742,R,1.404695
957,0957__1087353__607572__score-1.405.jpg,1087353,607572,nd1S05871,R,nd1S05881,L,1.404750
958,0958__1009710__668504__score-1.405.jpg,1009710,668504,nd1S05616,R,nd1S05308,L,1.404786
959,0959__441124__659503__score-1.405.jpg,441124,659503,nd1S05970,R,nd1S05272,L,1.404801
960,0960__511256__795788__score-1.405.jpg,511256,795788,nd1S05999,R,nd1S06086,L,1.404839
961,0961__167630__303676__score-1.405.jpg,167630,303676,nd1S04851,L,nd1S04649,L,1.404863
962,0962__764906__963733__score-1.405.jpg,764906,963733,nd1S06128,R,nd1S06107,R,1.404866
963,0963__696626__860413__score-1.405.jpg,696626,860413,nd1S05889,L,nd1S05863,L,1.404949
964,0964__427325__660284__score-1.405.jpg,427325,660284,nd1S05478,L,nd1S05060,L,1.404954
965,0965__397880__791650__score-1.405.jpg,397880,791650,nd1S05842,L,nd1S06300,L,1.404963
966,0966__432363__659593__score-1.405.jpg,432363,659593,nd1S05270,R,nd1S05273,R,1.404977
967,0967__1129841__831989__score-1.405.jpg,1129841,831989,nd1S05455,R,nd1S06044,L,1.405006
968,0968__1034558__948391__score-1.405.jpg,1034558,948391,nd1S05932,L,nd1S06768,L,1.405024
969,0969__271512__668646__score-1.405.jpg,271512,668646,nd1S05455,L,nd1S04970,R,1.405030
970,0970__1108981__231213__score-1.405.jpg,1108981,231213,nd1S05974,L,nd1S05315,L,1.405031
971,0971__1131579__539818__score-1.405.jpg,1131579,539818,nd1S05455,R,nd1S05456,R,1.405038
972,0972__1156990__831197__score-1.405.jpg,1156990,831197,nd1S06017,L,nd1S06128,L,1.405047
973,0973__763417__832631__score-1.405.jpg,763417,832631,nd1S05675,L,nd1S06129,L,1.405125
974,0974__730445__990827__score-1.405.jpg,730445,990827,nd1S05321,R,nd1S06793,L,1.405127
975,0975__406408__791650__score-1.405.jpg,406408,791650,nd1S05271,L,nd1S06300,L,1.405133
976,0976__518168__948395__score-1.405.jpg,518168,948395,nd1S05456,R,nd1S06768,R,1.405144
977,0977__441589__895493__score-1.405.jpg,441589,895493,nd1S05455,L,nd1S06217,L,1.405169
978,0978__1130446__396779__score-1.405.jpg,1130446,396779,nd1S06082,R,nd1S05708,L,1.405174
979,0979__830753__869796__score-1.405.jpg,830753,869796,nd1S06352,R,nd1S06129,L,1.405219
980,0980__1107793__706765__score-1.405.jpg,1107793,706765,nd1S05871,R,nd1S05619,L,1.405230
981,0981__520930__592387__score-1.405.jpg,520930,592387,nd1S06079,L,nd1S05367,L,1.405240
982,0982__1014116__725525__score-1.405.jpg,1014116,725525,nd1S05713,R,nd1S06079,R,1.405257
983,0983__608036__995455__score-1.405.jpg,608036,995455,nd1S05863,L,nd1S06107,R,1.405343
984,0984__665214__933168__score-1.405.jpg,665214,933168,nd1S05049,L,nd1S05881,L,1.405383
985,0985__543153__591395__score-1.405.jpg,543153,591395,nd1S05367,L,nd1S05033,R,1.405404
986,0986__267541__676511__score-1.405.jpg,267541,676511,nd1S05315,L,nd1S05742,L,1.405406
987,0987__410800__603486__score-1.405.jpg,410800,603486,nd1S05511,L,nd1S05713,L,1.405433
988,0988__607237__799137__score-1.405.jpg,607237,799137,nd1S06091,L,nd1S05868,L,1.405441
989,0989__697760__946597__score-1.405.jpg,697760,946597,nd1S05555,R,nd1S06793,R,1.405443
990,0990__165322__442128__score-1.405.jpg,165322,442128,nd1S04684,L,nd1S05478,L,1.405452
991,0991__794822__942868__score-1.405.jpg,794822,942868,nd1S06345,L,nd1S06768,L,1.405468
992,0992__412295__659410__score-1.405.jpg,412295,659410,nd1S05624,R,nd1S05269,L,1.405473
993,0993__257843__660803__score-1.406.jpg,257843,660803,nd1S05270,L,nd1S05285,L,1.405539
994,0994__817527__868775__score-1.406.jpg,817527,868775,nd1S06181,R,nd1S05735,L,1.405606
995,0995__722809__759727__score-1.406.jpg,722809,759727,nd1S04649,L,nd1S05661,L,1.405607
996,0996__1084829__944376__score-1.406.jpg,1084829,944376,nd1S06943,R,nd1S06768,R,1.405617
997,0997__210657__817484__score-1.406.jpg,210657,817484,nd1S04859,R,nd1S05881,R,1.405693
998,0998__558566__591982__score-1.406.jpg,558566,591982,nd1S06128,R,nd1S05749,L,1.405704
999,0999__1134536__608176__score-1.406.jpg,1134536,608176,nd1S05889,R,nd1S05831,R,1.405711
1000,1000__555932__611928__score-1.406.jpg,555932,611928,nd1S05854,R,nd1S06197,R,1.405724
