n,file,image_id_a,image_id_b,subject,eye,score,genuine_percentile
1,01__861756__862714__score-0.384.jpg,861756,862714,nd1S06352,R,0.383908,0.02
2,02__280294__420066__score-0.529.jpg,280294,420066,nd1S05455,L,0.529042,0.13
3,03__586215__611533__score-0.604.jpg,586215,611533,nd1S04649,L,0.603965,0.23
4,04__403067__996357__score-0.669.jpg,403067,996357,nd1S05766,L,0.669031,0.34
5,05__529063__611434__score-0.737.jpg,529063,611434,nd1S05308,L,0.737325,0.45
6,06__592033__701655__score-0.816.jpg,592033,701655,nd1S05881,R,0.815962,0.55
7,07__659490__934719__score-0.918.jpg,659490,934719,nd1S05271,L,0.918208,0.66
8,08__1013666__203024__score-1.048.jpg,1013666,203024,nd1S02463,L,1.047545,0.77
9,09__697806__869351__score-1.220.jpg,697806,869351,nd1S06406,R,1.219501,0.87
10,10__1148984__1190031__score-1.534.jpg,1148984,1190031,nd1S07015,R,1.534245,0.98
