image_id,n_tail_pairs,min_tail_score,partner_image_ids,filepath,subject_id,eye,quality_passed
162040,15,1.311877,177120;165164;196865;165161;217458;662843;164341;196910;165846;160356;1038326;201609;160439;764441;374089,/Users/odon/Desktop/intro_to_iris_recognition/Week 1/NDCVRL_002 Dataset/raw/nd1S04684/Left/162040.tiff,nd1S04684,L,True
177120,9,1.311877,162040;161092;162039;160252;1038326;161093;165161;165164;164341,/Users/odon/Desktop/intro_to_iris_recognition/Week 1/NDCVRL_002 Dataset/raw/nd1S04714/Right/177120.tiff,nd1S04714,R,True
165164,9,1.317617,162040;161093;160252;161092;303666;177120;162039;206660;177509,/Users/odon/Desktop/intro_to_iris_recognition/Week 1/NDCVRL_002 Dataset/raw/nd1S04667/Left/165164.tiff,nd1S04667,L,True
196865,9,1.335209,162040;764442;162039;161092;160252;764441;165846;185551;161093,/Users/odon/Desktop/intro_to_iris_recognition/Week 1/NDCVRL_002 Dataset/raw/nd1S04714/Right/196865.tiff,nd1S04714,R,True
161092,8,1.341134,177120;662843;196910;165164;196865;165161;208443;217458,/Users/odon/Desktop/intro_to_iris_recognition/Week 1/NDCVRL_002 Dataset/raw/nd1S04684/Left/161092.tiff,nd1S04684,L,True
161093,12,1.342498,165164;165161;206660;662843;164341;177120;201609;207642;160356;196865;201606;206659,/Users/odon/Desktop/intro_to_iris_recognition/Week 1/NDCVRL_002 Dataset/raw/nd1S04684/Left/161093.tiff,nd1S04684,L,True
164577,8,1.344430,1192850;1192849;1192851;1192853;1192852;1038326;1057021;1192961,/Users/odon/Desktop/intro_to_iris_recognition/Week 1/NDCVRL_002 Dataset/raw/nd1S04851/Left/164577.tiff,nd1S04851,L,True
1192850,5,1.344430,164577;166874;165442;160439;1192961,/Users/odon/Desktop/intro_to_iris_recognition/Week 1/NDCVRL_002 Dataset/raw/nd1S04261/Left/1192850.tiff,nd1S04261,L,True
1038326,11,1.350462,764442;764441;164577;217458;177120;196910;662843;165442;162040;162039;166874,/Users/odon/Desktop/intro_to_iris_recognition/Week 1/NDCVRL_002 Dataset/raw/nd1S02463/Left/1038326.tiff,nd1S02463,L,True
764442,8,1.350462,1038326;196865;217458;1057020;1013655;1063964;1057021;162039,/Users/odon/Desktop/intro_to_iris_recognition/Week 1/NDCVRL_002 Dataset/raw/nd1S04418/Left/764442.tiff,nd1S04418,L,True
662843,6,1.354093,161092;162039;162040;161093;1038326;160252,/Users/odon/Desktop/intro_to_iris_recognition/Week 1/NDCVRL_002 Dataset/raw/nd1S04714/Right/662843.tiff,nd1S04714,R,True
165161,7,1.355670,162040;161093;161092;177120;160252;177509;303666,/Users/odon/Desktop/intro_to_iris_recognition/Week 1/NDCVRL_002 Dataset/raw/nd1S04667/Left/165161.tiff,nd1S04667,L,True
1192849,5,1.355953,164577;165442;166874;187683;160439,/Users/odon/Desktop/intro_to_iris_recognition/Week 1/NDCVRL_002 Dataset/raw/nd1S04261/Left/1192849.tiff,nd1S04261,L,True
1192851,1,1.357456,164577,/Users/odon/Desktop/intro_to_iris_recognition/Week 1/NDCVRL_002 Dataset/raw/nd1S04261/Left/1192851.tiff,nd1S04261,L,True
1192853,3,1.358024,164577;166874;160439,/Users/odon/Desktop/intro_to_iris_recognition/Week 1/NDCVRL_002 Dataset/raw/nd1S04261/Left/1192853.tiff,nd1S04261,L,True
1192852,3,1.360731,164577;1192961;661746,/Users/odon/Desktop/intro_to_iris_recognition/Week 1/NDCVRL_002 Dataset/raw/nd1S04261/Left/1192852.tiff,nd1S04261,L,True
162039,10,1.361609,177120;662843;196865;196910;217458;160439;165164;1038326;764442;764441,/Users/odon/Desktop/intro_to_iris_recognition/Week 1/NDCVRL_002 Dataset/raw/nd1S04684/Left/162039.tiff,nd1S04684,L,True
209978,8,1.366982,208441;206660;206659;216438;208443;1015652;207642;216439,/Users/odon/Desktop/intro_to_iris_recognition/Week 1/NDCVRL_002 Dataset/raw/nd1S04701/Right/209978.tiff,nd1S04701,R,True
208441,5,1.366982,209978;209979;210510;208382;216438,/Users/odon/Desktop/intro_to_iris_recognition/Week 1/NDCVRL_002 Dataset/raw/nd1S04859/Right/208441.tiff,nd1S04859,R,True
196910,6,1.367718,161092;162040;162039;1038326;661748;160252,/Users/odon/Desktop/intro_to_iris_recognition/Week 1/NDCVRL_002 Dataset/raw/nd1S04714/Right/196910.tiff,nd1S04714,R,True
1057029,5,1.368630,209271;209268;208443;209267;764471,/Users/odon/Desktop/intro_to_iris_recognition/Week 1/NDCVRL_002 Dataset/raw/nd1S04394/Left/1057029.tiff,nd1S04394,L,True
209271,2,1.368630,1057029;1057020,/Users/odon/Desktop/intro_to_iris_recognition/Week 1/NDCVRL_002 Dataset/raw/nd1S04859/Right/209271.tiff,nd1S04859,R,True
209268,1,1.370268,1057029,/Users/odon/Desktop/intro_to_iris_recognition/Week 1/NDCVRL_002 Dataset/raw/nd1S04859/Right/209268.tiff,nd1S04859,R,True
217458,7,1.371073,162040;764442;1038326;162039;764441;160252;161092,/Users/odon/Desktop/intro_to_iris_recognition/Week 1/NDCVRL_002 Dataset/raw/nd1S04714/Right/217458.tiff,nd1S04714,R,True
160252,15,1.375179,177120;165164;196865;160439;374089;206660;165161;662843;196910;165846;201709;217458;164341;206659;374108,/Users/odon/Desktop/intro_to_iris_recognition/Week 1/NDCVRL_002 Dataset/raw/nd1S04684/Left/160252.tiff,nd1S04684,L,True
1013655,10,1.381289,160439;1057020;1057021;764441;208443;165442;764442;170377;176428;162945,/Users/odon/Desktop/intro_to_iris_recognition/Week 1/NDCVRL_002 Dataset/raw/nd1S02463/Left/1013655.tiff,nd1S02463,L,True
160439,9,1.381289,1013655;162039;160252;1057020;1192850;1057021;1192849;162040;1192853,/Users/odon/Desktop/intro_to_iris_recognition/Week 1/NDCVRL_002 Dataset/raw/nd1S04851/Left/160439.tiff,nd1S04851,L,True
206660,9,1.381785,209979;161093;208381;208382;209978;210510;160252;204364;165164,/Users/odon/Desktop/intro_to_iris_recognition/Week 1/NDCVRL_002 Dataset/raw/nd1S04505/Left/206660.tiff,nd1S04505,L,True
209979,9,1.381785,206660;206659;216438;208441;216439;207642;204364;1015652;187683,/Users/odon/Desktop/intro_to_iris_recognition/Week 1/NDCVRL_002 Dataset/raw/nd1S04701/Right/209979.tiff,nd1S04701,R,True
764441,9,1.382462,1038326;1063964;1013655;196865;217458;201325;1057020;162040;162039,/Users/odon/Desktop/intro_to_iris_recognition/Week 1/NDCVRL_002 Dataset/raw/nd1S04418/Left/764441.tiff,nd1S04418,L,True
1057020,7,1.384596,1013655;764442;160439;209271;764441;209267;208443,/Users/odon/Desktop/intro_to_iris_recognition/Week 1/NDCVRL_002 Dataset/raw/nd1S04394/Left/1057020.tiff,nd1S04394,L,True
206659,10,1.385011,209979;208382;209978;204364;210510;208381;660598;161093;374108;160252,/Users/odon/Desktop/intro_to_iris_recognition/Week 1/NDCVRL_002 Dataset/raw/nd1S04505/Left/206659.tiff,nd1S04505,L,True
205864,4,1.390003,177718;173640;170317;170318,/Users/odon/Desktop/intro_to_iris_recognition/Week 1/NDCVRL_002 Dataset/raw/nd1S04701/Left/205864.tiff,nd1S04701,L,True
177718,1,1.390003,205864,/Users/odon/Desktop/intro_to_iris_recognition/Week 1/NDCVRL_002 Dataset/raw/nd1S04394/Right/177718.tiff,nd1S04394,R,True
208443,5,1.390604,1057029;1013655;161092;209978;1057020,/Users/odon/Desktop/intro_to_iris_recognition/Week 1/NDCVRL_002 Dataset/raw/nd1S04859/Right/208443.tiff,nd1S04859,R,True
216438,6,1.391208,209979;208382;209978;210510;208381;208441,/Users/odon/Desktop/intro_to_iris_recognition/Week 1/NDCVRL_002 Dataset/raw/nd1S04505/Left/216438.tiff,nd1S04505,L,True
164341,7,1.392380,162040;303666;161093;241316;240235;177120;160252,/Users/odon/Desktop/intro_to_iris_recognition/Week 1/NDCVRL_002 Dataset/raw/nd1S04667/Left/164341.tiff,nd1S04667,L,True
1063964,7,1.392419,764441;661748;764442;661749;201325;661746;660597,/Users/odon/Desktop/intro_to_iris_recognition/Week 1/NDCVRL_002 Dataset/raw/nd1S02463/Left/1063964.tiff,nd1S02463,L,True
1015652,11,1.393224,185568;201324;1087232;170377;201325;176428;210510;209979;1087836;208381;209978,/Users/odon/Desktop/intro_to_iris_recognition/Week 1/NDCVRL_002 Dataset/raw/nd1S02463/Left/1015652.tiff,nd1S02463,L,True
185568,3,1.393224,1015652;1192959;1192960,/Users/odon/Desktop/intro_to_iris_recognition/Week 1/NDCVRL_002 Dataset/raw/nd1S04683/Left/185568.tiff,nd1S04683,L,True
1057021,7,1.393440,162945;1013655;164577;165442;160439;374108;764442,/Users/odon/Desktop/intro_to_iris_recognition/Week 1/NDCVRL_002 Dataset/raw/nd1S04394/Left/1057021.tiff,nd1S04394,L,True
162945,5,1.393440,1057021;1192961;1192959;1013655;1192960,/Users/odon/Desktop/intro_to_iris_recognition/Week 1/NDCVRL_002 Dataset/raw/nd1S04851/Left/162945.tiff,nd1S04851,L,True
208381,7,1.394139,206660;204364;206659;187683;1015652;216438;216439,/Users/odon/Desktop/intro_to_iris_recognition/Week 1/NDCVRL_002 Dataset/raw/nd1S04701/Right/208381.tiff,nd1S04701,R,True
201324,1,1.394741,1015652,/Users/odon/Desktop/intro_to_iris_recognition/Week 1/NDCVRL_002 Dataset/raw/nd1S04917/Right/201324.tiff,nd1S04917,R,True
208382,10,1.395001,206659;206660;216438;204364;207642;187714;208441;216439;374108;187683,/Users/odon/Desktop/intro_to_iris_recognition/Week 1/NDCVRL_002 Dataset/raw/nd1S04701/Right/208382.tiff,nd1S04701,R,True
764471,7,1.398364,1058848;1013666;176428;1058294;173528;1057029;374089,/Users/odon/Desktop/intro_to_iris_recognition/Week 1/NDCVRL_002 Dataset/raw/nd1S04418/Left/764471.tiff,nd1S04418,L,True
1058848,2,1.398364,764471;704265,/Users/odon/Desktop/intro_to_iris_recognition/Week 1/NDCVRL_002 Dataset/raw/nd1S04394/Left/1058848.tiff,nd1S04394,L,True
1013666,4,1.398507,661748;661749;764471;661746,/Users/odon/Desktop/intro_to_iris_recognition/Week 1/NDCVRL_002 Dataset/raw/nd1S02463/Left/1013666.tiff,nd1S02463,L,True
661748,3,1.398507,1013666;1063964;196910,/Users/odon/Desktop/intro_to_iris_recognition/Week 1/NDCVRL_002 Dataset/raw/nd1S04970/Right/661748.tiff,nd1S04970,R,True
209267,3,1.403198,1057029;1057020;1058294,/Users/odon/Desktop/intro_to_iris_recognition/Week 1/NDCVRL_002 Dataset/raw/nd1S04859/Right/209267.tiff,nd1S04859,R,True
210510,5,1.404172,206660;1015652;208441;206659;216438,/Users/odon/Desktop/intro_to_iris_recognition/Week 1/NDCVRL_002 Dataset/raw/nd1S04701/Right/210510.tiff,nd1S04701,R,True
661749,2,1.404323,1013666;1063964,/Users/odon/Desktop/intro_to_iris_recognition/Week 1/NDCVRL_002 Dataset/raw/nd1S04970/Right/661749.tiff,nd1S04970,R,True
165442,8,1.405556,241316;241318;1013655;1057021;1192849;1192850;1038326;241321,/Users/odon/Desktop/intro_to_iris_recognition/Week 1/NDCVRL_002 Dataset/raw/nd1S04851/Left/165442.tiff,nd1S04851,L,True
241316,4,1.405556,165442;166874;164341;201609,/Users/odon/Desktop/intro_to_iris_recognition/Week 1/NDCVRL_002 Dataset/raw/nd1S04649/Left/241316.tiff,nd1S04649,L,True
1087232,1,1.406465,1015652,/Users/odon/Desktop/intro_to_iris_recognition/Week 1/NDCVRL_002 Dataset/raw/nd1S04470/Left/1087232.tiff,nd1S04470,L,True
165846,7,1.407128,162040;1192959;660598;1192960;196865;660597;160252,/Users/odon/Desktop/intro_to_iris_recognition/Week 1/NDCVRL_002 Dataset/raw/nd1S04683/Left/165846.tiff,nd1S04683,L,True
176428,4,1.407193,764467;764471;1015652;1013655,/Users/odon/Desktop/intro_to_iris_recognition/Week 1/NDCVRL_002 Dataset/raw/nd1S04917/Right/176428.tiff,nd1S04917,R,True
764467,3,1.407193,176428;173528;374089,/Users/odon/Desktop/intro_to_iris_recognition/Week 1/NDCVRL_002 Dataset/raw/nd1S04418/Left/764467.tiff,nd1S04418,L,True
170377,2,1.407929,1015652;1013655,/Users/odon/Desktop/intro_to_iris_recognition/Week 1/NDCVRL_002 Dataset/raw/nd1S04917/Right/170377.tiff,nd1S04917,R,True
704265,2,1.409232,1058848;1058294,/Users/odon/Desktop/intro_to_iris_recognition/Week 1/NDCVRL_002 Dataset/raw/nd1S04418/Left/704265.tiff,nd1S04418,L,True
303666,4,1.409392,164341;165164;201609;165161,/Users/odon/Desktop/intro_to_iris_recognition/Week 1/NDCVRL_002 Dataset/raw/nd1S04649/Left/303666.tiff,nd1S04649,L,True
1058294,3,1.410417,764471;704265;209267,/Users/odon/Desktop/intro_to_iris_recognition/Week 1/NDCVRL_002 Dataset/raw/nd1S04394/Left/1058294.tiff,nd1S04394,L,True
204364,5,1.411064,208381;209979;208382;206659;206660,/Users/odon/Desktop/intro_to_iris_recognition/Week 1/NDCVRL_002 Dataset/raw/nd1S04786/Left/204364.tiff,nd1S04786,L,True
166874,6,1.411593,241318;1192850;241316;1192849;1038326;1192853,/Users/odon/Desktop/intro_to_iris_recognition/Week 1/NDCVRL_002 Dataset/raw/nd1S04851/Left/166874.tiff,nd1S04851,L,True
241318,3,1.411593,166874;165442;201609,/Users/odon/Desktop/intro_to_iris_recognition/Week 1/NDCVRL_002 Dataset/raw/nd1S04649/Left/241318.tiff,nd1S04649,L,True
1192959,4,1.416733,165846;185568;162945;160356,/Users/odon/Desktop/intro_to_iris_recognition/Week 1/NDCVRL_002 Dataset/raw/nd1S04261/Right/1192959.tiff,nd1S04261,R,True
201325,3,1.418154,1015652;764441;1063964,/Users/odon/Desktop/intro_to_iris_recognition/Week 1/NDCVRL_002 Dataset/raw/nd1S04917/Right/201325.tiff,nd1S04917,R,True
216439,4,1.419591,209979;208382;209978;208381,/Users/odon/Desktop/intro_to_iris_recognition/Week 1/NDCVRL_002 Dataset/raw/nd1S04505/Left/216439.tiff,nd1S04505,L,True
207642,5,1.420405,209979;208382;161093;209978;660598,/Users/odon/Desktop/intro_to_iris_recognition/Week 1/NDCVRL_002 Dataset/raw/nd1S04505/Left/207642.tiff,nd1S04505,L,True
660598,3,1.420858,165846;206659;207642,/Users/odon/Desktop/intro_to_iris_recognition/Week 1/NDCVRL_002 Dataset/raw/nd1S04970/Right/660598.tiff,nd1S04970,R,True
1192960,4,1.421634,185568;165846;170317;162945,/Users/odon/Desktop/intro_to_iris_recognition/Week 1/NDCVRL_002 Dataset/raw/nd1S04261/Right/1192960.tiff,nd1S04261,R,True
201609,6,1.424496,161093;303666;241316;162040;241318;1059130,/Users/odon/Desktop/intro_to_iris_recognition/Week 1/NDCVRL_002 Dataset/raw/nd1S04667/Left/201609.tiff,nd1S04667,L,True
374089,4,1.426572,160252;764471;764467;162040,/Users/odon/Desktop/intro_to_iris_recognition/Week 1/NDCVRL_002 Dataset/raw/nd1S04701/Left/374089.tiff,nd1S04701,L,True
661746,3,1.428131,1013666;1192852;1063964,/Users/odon/Desktop/intro_to_iris_recognition/Week 1/NDCVRL_002 Dataset/raw/nd1S04970/Right/661746.tiff,nd1S04970,R,True
170317,3,1.429214,1192962;205864;1192960,/Users/odon/Desktop/intro_to_iris_recognition/Week 1/NDCVRL_002 Dataset/raw/nd1S04394/Right/170317.tiff,nd1S04394,R,True
1192962,1,1.429214,170317,/Users/odon/Desktop/intro_to_iris_recognition/Week 1/NDCVRL_002 Dataset/raw/nd1S04261/Right/1192962.tiff,nd1S04261,R,True
160356,4,1.429573,1087836;161093;162040;1192959,/Users/odon/Desktop/intro_to_iris_recognition/Week 1/NDCVRL_002 Dataset/raw/nd1S04683/Left/160356.tiff,nd1S04683,L,True
1087836,3,1.429573,160356;165847;1015652,/Users/odon/Desktop/intro_to_iris_recognition/Week 1/NDCVRL_002 Dataset/raw/nd1S04470/Left/1087836.tiff,nd1S04470,L,True
185551,2,1.430563,196865;660597,/Users/odon/Desktop/intro_to_iris_recognition/Week 1/NDCVRL_002 Dataset/raw/nd1S04683/Left/185551.tiff,nd1S04683,L,True
173640,1,1.430709,205864,/Users/odon/Desktop/intro_to_iris_recognition/Week 1/NDCVRL_002 Dataset/raw/nd1S04394/Right/173640.tiff,nd1S04394,R,True
1192961,4,1.431075,162945;164577;1192852;1192850,/Users/odon/Desktop/intro_to_iris_recognition/Week 1/NDCVRL_002 Dataset/raw/nd1S04261/Right/1192961.tiff,nd1S04261,R,True
187683,5,1.431176,209979;208381;1192849;208382;1085920,/Users/odon/Desktop/intro_to_iris_recognition/Week 1/NDCVRL_002 Dataset/raw/nd1S04786/Left/187683.tiff,nd1S04786,L,True
165847,1,1.431208,1087836,/Users/odon/Desktop/intro_to_iris_recognition/Week 1/NDCVRL_002 Dataset/raw/nd1S04683/Left/165847.tiff,nd1S04683,L,True
173528,2,1.433367,764467;764471,/Users/odon/Desktop/intro_to_iris_recognition/Week 1/NDCVRL_002 Dataset/raw/nd1S04917/Right/173528.tiff,nd1S04917,R,True
187714,1,1.435101,208382,/Users/odon/Desktop/intro_to_iris_recognition/Week 1/NDCVRL_002 Dataset/raw/nd1S04786/Left/187714.tiff,nd1S04786,L,True
201606,3,1.436900,161093;170318;177509,/Users/odon/Desktop/intro_to_iris_recognition/Week 1/NDCVRL_002 Dataset/raw/nd1S04667/Left/201606.tiff,nd1S04667,L,True
660597,3,1.437300,165846;185551;1063964,/Users/odon/Desktop/intro_to_iris_recognition/Week 1/NDCVRL_002 Dataset/raw/nd1S04970/Right/660597.tiff,nd1S04970,R,True
374108,4,1.437681,1057021;208382;206659;160252,/Users/odon/Desktop/intro_to_iris_recognition/Week 1/NDCVRL_002 Dataset/raw/nd1S04701/Left/374108.tiff,nd1S04701,L,True
170318,2,1.439706,205864;201606,/Users/odon/Desktop/intro_to_iris_recognition/Week 1/NDCVRL_002 Dataset/raw/nd1S04394/Right/170318.tiff,nd1S04394,R,True
177509,3,1.440226,165161;201606;165164,/Users/odon/Desktop/intro_to_iris_recognition/Week 1/NDCVRL_002 Dataset/raw/nd1S04394/Right/177509.tiff,nd1S04394,R,True
240235,1,1.441726,164341,/Users/odon/Desktop/intro_to_iris_recognition/Week 1/NDCVRL_002 Dataset/raw/nd1S04649/Left/240235.tiff,nd1S04649,L,True
241321,1,1.445628,165442,/Users/odon/Desktop/intro_to_iris_recognition/Week 1/NDCVRL_002 Dataset/raw/nd1S04649/Left/241321.tiff,nd1S04649,L,True
201709,1,1.445919,160252,/Users/odon/Desktop/intro_to_iris_recognition/Week 1/NDCVRL_002 Dataset/raw/nd1S04701/Left/201709.tiff,nd1S04701,L,True
1059130,1,1.446743,201609,/Users/odon/Desktop/intro_to_iris_recognition/Week 1/NDCVRL_002 Dataset/raw/nd1S04470/Left/1059130.tiff,nd1S04470,L,True
1085920,1,1.447732,187683,/Users/odon/Desktop/intro_to_iris_recognition/Week 1/NDCVRL_002 Dataset/raw/nd1S04470/Left/1085920.tiff,nd1S04470,L,True
