image_id_a,image_id_b,subject_a,subject_b,eye_a,eye_b,label,score,threshold,tail_rule
162040,177120,nd1S04684,nd1S04714,L,R,impostor,1.311877,1.449973,score <= 5th percentile of impostor scores (1.449973); n_impostor=4750
162040,165164,nd1S04684,nd1S04667,L,L,impostor,1.317617,1.449973,score <= 5th percentile of impostor scores (1.449973); n_impostor=4750
162040,196865,nd1S04684,nd1S04714,L,R,impostor,1.335209,1.449973,score <= 5th percentile of impostor scores (1.449973); n_impostor=4750
161092,177120,nd1S04684,nd1S04714,L,R,impostor,1.341134,1.449973,score <= 5th percentile of impostor scores (1.449973); n_impostor=4750
161093,165164,nd1S04684,nd1S04667,L,L,impostor,1.342498,1.449973,score <= 5th percentile of impostor scores (1.449973); n_impostor=4750
1192850,164577,nd1S04261,nd1S04851,L,L,impostor,1.344430,1.449973,score <= 5th percentile of impostor scores (1.449973); n_impostor=4750
1038326,764442,nd1S02463,nd1S04418,L,L,impostor,1.350462,1.449973,score <= 5th percentile of impostor scores (1.449973); n_impostor=4750
161092,662843,nd1S04684,nd1S04714,L,R,impostor,1.354093,1.449973,score <= 5th percentile of impostor scores (1.449973); n_impostor=4750
162040,165161,nd1S04684,nd1S04667,L,L,impostor,1.355670,1.449973,score <= 5th percentile of impostor scores (1.449973); n_impostor=4750
1192849,164577,nd1S04261,nd1S04851,L,L,impostor,1.355953,1.449973,score <= 5th percentile of impostor scores (1.449973); n_impostor=4750
1192851,164577,nd1S04261,nd1S04851,L,L,impostor,1.357456,1.449973,score <= 5th percentile of impostor scores (1.449973); n_impostor=4750
1192853,164577,nd1S04261,nd1S04851,L,L,impostor,1.358024,1.449973,score <= 5th percentile of impostor scores (1.449973); n_impostor=4750
196865,764442,nd1S04714,nd1S04418,R,L,impostor,1.360701,1.449973,score <= 5th percentile of impostor scores (1.449973); n_impostor=4750
1192852,164577,nd1S04261,nd1S04851,L,L,impostor,1.360731,1.449973,score <= 5th percentile of impostor scores (1.449973); n_impostor=4750
162039,177120,nd1S04684,nd1S04714,L,R,impostor,1.361609,1.449973,score <= 5th percentile of impostor scores (1.449973); n_impostor=4750
162039,662843,nd1S04684,nd1S04714,L,R,impostor,1.363707,1.449973,score <= 5th percentile of impostor scores (1.449973); n_impostor=4750
208441,209978,nd1S04859,nd1S04701,R,R,impostor,1.366982,1.449973,score <= 5th percentile of impostor scores (1.449973); n_impostor=4750
161092,196910,nd1S04684,nd1S04714,L,R,impostor,1.367718,1.449973,score <= 5th percentile of impostor scores (1.449973); n_impostor=4750
1057029,209271,nd1S04394,nd1S04859,L,R,impostor,1.368630,1.449973,score <= 5th percentile of impostor scores (1.449973); n_impostor=4750
161093,165161,nd1S04684,nd1S04667,L,L,impostor,1.369548,1.449973,score <= 5th percentile of impostor scores (1.449973); n_impostor=4750
1057029,209268,nd1S04394,nd1S04859,L,R,impostor,1.370268,1.449973,score <= 5th percentile of impostor scores (1.449973); n_impostor=4750
162040,217458,nd1S04684,nd1S04714,L,R,impostor,1.371073,1.449973,score <= 5th percentile of impostor scores (1.449973); n_impostor=4750
162039,196865,nd1S04684,nd1S04714,L,R,impostor,1.373682,1.449973,score <= 5th percentile of impostor scores (1.449973); n_impostor=4750
160252,177120,nd1S04684,nd1S04714,L,R,impostor,1.375179,1.449973,score <= 5th percentile of impostor scores (1.449973); n_impostor=4750
1013655,160439,nd1S02463,nd1S04851,L,L,impostor,1.381289,1.449973,score <= 5th percentile of impostor scores (1.449973); n_impostor=4750
162040,662843,nd1S04684,nd1S04714,L,R,impostor,1.381453,1.449973,score <= 5th percentile of impostor scores (1.449973); n_impostor=4750
206660,209979,nd1S04505,nd1S04701,L,R,impostor,1.381785,1.449973,score <= 5th percentile of impostor scores (1.449973); n_impostor=4750
1038326,764441,nd1S02463,nd1S04418,L,L,impostor,1.382462,1.449973,score <= 5th percentile of impostor scores (1.449973); n_impostor=4750
217458,764442,nd1S04714,nd1S04418,R,L,impostor,1.383095,1.449973,score <= 5th percentile of impostor scores (1.449973); n_impostor=4750
1013655,1057020,nd1S02463,nd1S04394,L,L,impostor,1.384596,1.449973,score <= 5th percentile of impostor scores (1.449973); n_impostor=4750
206659,209979,nd1S04505,nd1S04701,L,R,impostor,1.385011,1.449973,score <= 5th percentile of impostor scores (1.449973); n_impostor=4750
161093,206660,nd1S04684,nd1S04505,L,L,impostor,1.387056,1.449973,score <= 5th percentile of impostor scores (1.449973); n_impostor=4750
160252,165164,nd1S04684,nd1S04667,L,L,impostor,1.387365,1.449973,score <= 5th percentile of impostor scores (1.449973); n_impostor=4750
177718,205864,nd1S04394,nd1S04701,R,L,impostor,1.390003,1.449973,score <= 5th percentile of impostor scores (1.449973); n_impostor=4750
1057029,208443,nd1S04394,nd1S04859,L,R,impostor,1.390604,1.449973,score <= 5th percentile of impostor scores (1.449973); n_impostor=4750
209979,216438,nd1S04701,nd1S04505,R,L,impostor,1.391208,1.449973,score <= 5th percentile of impostor scores (1.449973); n_impostor=4750
162040,164341,nd1S04684,nd1S04667,L,L,impostor,1.392380,1.449973,score <= 5th percentile of impostor scores (1.449973); n_impostor=4750
1063964,764441,nd1S02463,nd1S04418,L,L,impostor,1.392419,1.449973,score <= 5th percentile of impostor scores (1.449973); n_impostor=4750
1015652,185568,nd1S02463,nd1S04683,L,L,impostor,1.393224,1.449973,score <= 5th percentile of impostor scores (1.449973); n_impostor=4750
1057021,162945,nd1S04394,nd1S04851,L,L,impostor,1.393440,1.449973,score <= 5th percentile of impostor scores (1.449973); n_impostor=4750
206660,208381,nd1S04505,nd1S04701,L,R,impostor,1.394139,1.449973,score <= 5th percentile of impostor scores (1.449973); n_impostor=4750
1015652,201324,nd1S02463,nd1S04917,L,R,impostor,1.394741,1.449973,score <= 5th percentile of impostor scores (1.449973); n_impostor=4750
206659,208382,nd1S04505,nd1S04701,L,R,impostor,1.395001,1.449973,score <= 5th percentile of impostor scores (1.449973); n_impostor=4750
161092,165164,nd1S04684,nd1S04667,L,L,impostor,1.395094,1.449973,score <= 5th percentile of impostor scores (1.449973); n_impostor=4750
1038326,164577,nd1S02463,nd1S04851,L,L,impostor,1.396385,1.449973,score <= 5th percentile of impostor scores (1.449973); n_impostor=4750
1058848,764471,nd1S04394,nd1S04418,L,L,impostor,1.398364,1.449973,score <= 5th percentile of impostor scores (1.449973); n_impostor=4750
1013666,661748,nd1S02463,nd1S04970,L,R,impostor,1.398507,1.449973,score <= 5th percentile of impostor scores (1.449973); n_impostor=4750
206660,208382,nd1S04505,nd1S04701,L,R,impostor,1.399644,1.449973,score <= 5th percentile of impostor scores (1.449973); n_impostor=4750
206660,209978,nd1S04505,nd1S04701,L,R,impostor,1.400193,1.449973,score <= 5th percentile of impostor scores (1.449973); n_impostor=4750
206659,209978,nd1S04505,nd1S04701,L,R,impostor,1.400379,1.449973,score <= 5th percentile of impostor scores (1.449973); n_impostor=4750
1013655,1057021,nd1S02463,nd1S04394,L,L,impostor,1.400714,1.449973,score <= 5th percentile of impostor scores (1.449973); n_impostor=4750
1057029,209267,nd1S04394,nd1S04859,L,R,impostor,1.403198,1.449973,score <= 5th percentile of impostor scores (1.449973); n_impostor=4750
206660,210510,nd1S04505,nd1S04701,L,R,impostor,1.404172,1.449973,score <= 5th percentile of impostor scores (1.449973); n_impostor=4750
1013666,661749,nd1S02463,nd1S04970,L,R,impostor,1.404323,1.449973,score <= 5th percentile of impostor scores (1.449973); n_impostor=4750
161092,196865,nd1S04684,nd1S04714,L,R,impostor,1.405396,1.449973,score <= 5th percentile of impostor scores (1.449973); n_impostor=4750
165442,241316,nd1S04851,nd1S04649,L,L,impostor,1.405556,1.449973,score <= 5th percentile of impostor scores (1.449973); n_impostor=4750
1015652,1087232,nd1S02463,nd1S04470,L,L,impostor,1.406465,1.449973,score <= 5th percentile of impostor scores (1.449973); n_impostor=4750
162040,196910,nd1S04684,nd1S04714,L,R,impostor,1.406987,1.449973,score <= 5th percentile of impostor scores (1.449973); n_impostor=4750
162040,165846,nd1S04684,nd1S04683,L,L,impostor,1.407128,1.449973,score <= 5th percentile of impostor scores (1.449973); n_impostor=4750
176428,764467,nd1S04917,nd1S04418,R,L,impostor,1.407193,1.449973,score <= 5th percentile of impostor scores (1.449973); n_impostor=4750
1015652,170377,nd1S02463,nd1S04917,L,R,impostor,1.407929,1.449973,score <= 5th percentile of impostor scores (1.449973); n_impostor=4750
1038326,217458,nd1S02463,nd1S04714,L,R,impostor,1.408346,1.449973,score <= 5th percentile of impostor scores (1.449973); n_impostor=4750
1013666,764471,nd1S02463,nd1S04418,L,L,impostor,1.408396,1.449973,score <= 5th percentile of impostor scores (1.449973); n_impostor=4750
162039,196910,nd1S04684,nd1S04714,L,R,impostor,1.408538,1.449973,score <= 5th percentile of impostor scores (1.449973); n_impostor=4750
1057020,764442,nd1S04394,nd1S04418,L,L,impostor,1.408909,1.449973,score <= 5th percentile of impostor scores (1.449973); n_impostor=4750
176428,764471,nd1S04917,nd1S04418,R,L,impostor,1.409212,1.449973,score <= 5th percentile of impostor scores (1.449973); n_impostor=4750
1058848,704265,nd1S04394,nd1S04418,L,L,impostor,1.409232,1.449973,score <= 5th percentile of impostor scores (1.449973); n_impostor=4750
164341,303666,nd1S04667,nd1S04649,L,L,impostor,1.409392,1.449973,score <= 5th percentile of impostor scores (1.449973); n_impostor=4750
1058294,764471,nd1S04394,nd1S04418,L,L,impostor,1.410417,1.449973,score <= 5th percentile of impostor scores (1.449973); n_impostor=4750
1013655,764441,nd1S02463,nd1S04418,L,L,impostor,1.410536,1.449973,score <= 5th percentile of impostor scores (1.449973); n_impostor=4750
208382,216438,nd1S04701,nd1S04505,R,L,impostor,1.410560,1.449973,score <= 5th percentile of impostor scores (1.449973); n_impostor=4750
204364,208381,nd1S04786,nd1S04701,L,R,impostor,1.411064,1.449973,score <= 5th percentile of impostor scores (1.449973); n_impostor=4750
166874,241318,nd1S04851,nd1S04649,L,L,impostor,1.411593,1.449973,score <= 5th percentile of impostor scores (1.449973); n_impostor=4750
161093,662843,nd1S04684,nd1S04714,L,R,impostor,1.412439,1.449973,score <= 5th percentile of impostor scores (1.449973); n_impostor=4750
208441,209979,nd1S04859,nd1S04701,R,R,impostor,1.412502,1.449973,score <= 5th percentile of impostor scores (1.449973); n_impostor=4750
1013655,208443,nd1S02463,nd1S04859,L,R,impostor,1.412507,1.449973,score <= 5th percentile of impostor scores (1.449973); n_impostor=4750
161093,164341,nd1S04684,nd1S04667,L,L,impostor,1.412725,1.449973,score <= 5th percentile of impostor scores (1.449973); n_impostor=4750
165442,241318,nd1S04851,nd1S04649,L,L,impostor,1.415866,1.449973,score <= 5th percentile of impostor scores (1.449973); n_impostor=4750
1038326,177120,nd1S02463,nd1S04714,L,R,impostor,1.416004,1.449973,score <= 5th percentile of impostor scores (1.449973); n_impostor=4750
1192959,165846,nd1S04261,nd1S04683,R,L,impostor,1.416733,1.449973,score <= 5th percentile of impostor scores (1.449973); n_impostor=4750
162039,217458,nd1S04684,nd1S04714,L,R,impostor,1.417574,1.449973,score <= 5th percentile of impostor scores (1.449973); n_impostor=4750
161093,177120,nd1S04684,nd1S04714,L,R,impostor,1.417641,1.449973,score <= 5th percentile of impostor scores (1.449973); n_impostor=4750
1015652,201325,nd1S02463,nd1S04917,L,R,impostor,1.418154,1.449973,score <= 5th percentile of impostor scores (1.449973); n_impostor=4750
1013655,165442,nd1S02463,nd1S04851,L,L,impostor,1.419028,1.449973,score <= 5th percentile of impostor scores (1.449973); n_impostor=4750
160252,196865,nd1S04684,nd1S04714,L,R,impostor,1.419138,1.449973,score <= 5th percentile of impostor scores (1.449973); n_impostor=4750
209978,216438,nd1S04701,nd1S04505,R,L,impostor,1.419496,1.449973,score <= 5th percentile of impostor scores (1.449973); n_impostor=4750
209979,216439,nd1S04701,nd1S04505,R,L,impostor,1.419591,1.449973,score <= 5th percentile of impostor scores (1.449973); n_impostor=4750
160439,162039,nd1S04851,nd1S04684,L,L,impostor,1.420331,1.449973,score <= 5th percentile of impostor scores (1.449973); n_impostor=4750
207642,209979,nd1S04505,nd1S04701,L,R,impostor,1.420405,1.449973,score <= 5th percentile of impostor scores (1.449973); n_impostor=4750
1192959,185568,nd1S04261,nd1S04683,R,L,impostor,1.420678,1.449973,score <= 5th percentile of impostor scores (1.449973); n_impostor=4750
165846,660598,nd1S04683,nd1S04970,L,R,impostor,1.420858,1.449973,score <= 5th percentile of impostor scores (1.449973); n_impostor=4750
1038326,196910,nd1S02463,nd1S04714,L,R,impostor,1.420937,1.449973,score <= 5th percentile of impostor scores (1.449973); n_impostor=4750
1057021,164577,nd1S04394,nd1S04851,L,L,impostor,1.421264,1.449973,score <= 5th percentile of impostor scores (1.449973); n_impostor=4750
161092,165161,nd1S04684,nd1S04667,L,L,impostor,1.421513,1.449973,score <= 5th percentile of impostor scores (1.449973); n_impostor=4750
1192960,185568,nd1S04261,nd1S04683,R,L,impostor,1.421634,1.449973,score <= 5th percentile of impostor scores (1.449973); n_impostor=4750
196865,764441,nd1S04714,nd1S04418,R,L,impostor,1.422409,1.449973,score <= 5th percentile of impostor scores (1.449973); n_impostor=4750
1057021,165442,nd1S04394,nd1S04851,L,L,impostor,1.422487,1.449973,score <= 5th percentile of impostor scores (1.449973); n_impostor=4750
160252,160439,nd1S04684,nd1S04851,L,L,impostor,1.422925,1.449973,score <= 5th percentile of impostor scores (1.449973); n_impostor=4750
1015652,176428,nd1S02463,nd1S04917,L,R,impostor,1.423349,1.449973,score <= 5th percentile of impostor scores (1.449973); n_impostor=4750
1192850,166874,nd1S04261,nd1S04851,L,L,impostor,1.423612,1.449973,score <= 5th percentile of impostor scores (1.449973); n_impostor=4750
1015652,210510,nd1S02463,nd1S04701,L,R,impostor,1.423856,1.449973,score <= 5th percentile of impostor scores (1.449973); n_impostor=4750
204364,209979,nd1S04786,nd1S04701,L,R,impostor,1.423871,1.449973,score <= 5th percentile of impostor scores (1.449973); n_impostor=4750
161093,201609,nd1S04684,nd1S04667,L,L,impostor,1.424496,1.449973,score <= 5th percentile of impostor scores (1.449973); n_impostor=4750
1192849,165442,nd1S04261,nd1S04851,L,L,impostor,1.425199,1.449973,score <= 5th percentile of impostor scores (1.449973); n_impostor=4750
1192960,165846,nd1S04261,nd1S04683,R,L,impostor,1.425333,1.449973,score <= 5th percentile of impostor scores (1.449973); n_impostor=4750
165164,303666,nd1S04667,nd1S04649,L,L,impostor,1.425811,1.449973,score <= 5th percentile of impostor scores (1.449973); n_impostor=4750
165161,177120,nd1S04667,nd1S04714,L,R,impostor,1.425859,1.449973,score <= 5th percentile of impostor scores (1.449973); n_impostor=4750
204364,208382,nd1S04786,nd1S04701,L,R,impostor,1.426368,1.449973,score <= 5th percentile of impostor scores (1.449973); n_impostor=4750
207642,208382,nd1S04505,nd1S04701,L,R,impostor,1.426422,1.449973,score <= 5th percentile of impostor scores (1.449973); n_impostor=4750
1013655,764442,nd1S02463,nd1S04418,L,L,impostor,1.426527,1.449973,score <= 5th percentile of impostor scores (1.449973); n_impostor=4750
160252,374089,nd1S04684,nd1S04701,L,L,impostor,1.426572,1.449973,score <= 5th percentile of impostor scores (1.449973); n_impostor=4750
165846,196865,nd1S04683,nd1S04714,L,R,impostor,1.426577,1.449973,score <= 5th percentile of impostor scores (1.449973); n_impostor=4750
165164,177120,nd1S04667,nd1S04714,L,R,impostor,1.427150,1.449973,score <= 5th percentile of impostor scores (1.449973); n_impostor=4750
1015652,209979,nd1S02463,nd1S04701,L,R,impostor,1.427427,1.449973,score <= 5th percentile of impostor scores (1.449973); n_impostor=4750
160252,206660,nd1S04684,nd1S04505,L,L,impostor,1.427599,1.449973,score <= 5th percentile of impostor scores (1.449973); n_impostor=4750
1013666,661746,nd1S02463,nd1S04970,L,R,impostor,1.428131,1.449973,score <= 5th percentile of impostor scores (1.449973); n_impostor=4750
1063964,661748,nd1S02463,nd1S04970,L,R,impostor,1.428132,1.449973,score <= 5th percentile of impostor scores (1.449973); n_impostor=4750
161093,207642,nd1S04684,nd1S04505,L,L,impostor,1.428646,1.449973,score <= 5th percentile of impostor scores (1.449973); n_impostor=4750
217458,764441,nd1S04714,nd1S04418,R,L,impostor,1.428705,1.449973,score <= 5th percentile of impostor scores (1.449973); n_impostor=4750
1192962,170317,nd1S04261,nd1S04394,R,R,impostor,1.429214,1.449973,score <= 5th percentile of impostor scores (1.449973); n_impostor=4750
1063964,764442,nd1S02463,nd1S04418,L,L,impostor,1.429354,1.449973,score <= 5th percentile of impostor scores (1.449973); n_impostor=4750
1192850,165442,nd1S04261,nd1S04851,L,L,impostor,1.429363,1.449973,score <= 5th percentile of impostor scores (1.449973); n_impostor=4750
166874,241316,nd1S04851,nd1S04649,L,L,impostor,1.429432,1.449973,score <= 5th percentile of impostor scores (1.449973); n_impostor=4750
1087836,160356,nd1S04470,nd1S04683,L,L,impostor,1.429573,1.449973,score <= 5th percentile of impostor scores (1.449973); n_impostor=4750
162039,165164,nd1S04684,nd1S04667,L,L,impostor,1.429624,1.449973,score <= 5th percentile of impostor scores (1.449973); n_impostor=4750
204364,206659,nd1S04786,nd1S04505,L,L,impostor,1.429861,1.449973,score <= 5th percentile of impostor scores (1.449973); n_impostor=4750
160356,161093,nd1S04683,nd1S04684,L,L,impostor,1.430149,1.449973,score <= 5th percentile of impostor scores (1.449973); n_impostor=4750
1063964,661749,nd1S02463,nd1S04970,L,R,impostor,1.430311,1.449973,score <= 5th percentile of impostor scores (1.449973); n_impostor=4750
164341,241316,nd1S04667,nd1S04649,L,L,impostor,1.430559,1.449973,score <= 5th percentile of impostor scores (1.449973); n_impostor=4750
185551,196865,nd1S04683,nd1S04714,L,R,impostor,1.430563,1.449973,score <= 5th percentile of impostor scores (1.449973); n_impostor=4750
173640,205864,nd1S04394,nd1S04701,R,L,impostor,1.430709,1.449973,score <= 5th percentile of impostor scores (1.449973); n_impostor=4750
1192961,162945,nd1S04261,nd1S04851,R,L,impostor,1.431075,1.449973,score <= 5th percentile of impostor scores (1.449973); n_impostor=4750
187683,209979,nd1S04786,nd1S04701,L,R,impostor,1.431176,1.449973,score <= 5th percentile of impostor scores (1.449973); n_impostor=4750
1087836,165847,nd1S04470,nd1S04683,L,L,impostor,1.431208,1.449973,score <= 5th percentile of impostor scores (1.449973); n_impostor=4750
1058294,704265,nd1S04394,nd1S04418,L,L,impostor,1.431394,1.449973,score <= 5th percentile of impostor scores (1.449973); n_impostor=4750
160356,162040,nd1S04683,nd1S04684,L,L,impostor,1.431887,1.449973,score <= 5th percentile of impostor scores (1.449973); n_impostor=4750
201609,303666,nd1S04667,nd1S04649,L,L,impostor,1.431982,1.449973,score <= 5th percentile of impostor scores (1.449973); n_impostor=4750
208441,210510,nd1S04859,nd1S04701,R,R,impostor,1.432412,1.449973,score <= 5th percentile of impostor scores (1.449973); n_impostor=4750
201609,241316,nd1S04667,nd1S04649,L,L,impostor,1.432787,1.449973,score <= 5th percentile of impostor scores (1.449973); n_impostor=4750
1015652,1087836,nd1S02463,nd1S04470,L,L,impostor,1.432856,1.449973,score <= 5th percentile of impostor scores (1.449973); n_impostor=4750
1057020,160439,nd1S04394,nd1S04851,L,L,impostor,1.433006,1.449973,score <= 5th percentile of impostor scores (1.449973); n_impostor=4750
173528,764467,nd1S04917,nd1S04418,R,L,impostor,1.433367,1.449973,score <= 5th percentile of impostor scores (1.449973); n_impostor=4750
206659,210510,nd1S04505,nd1S04701,L,R,impostor,1.433919,1.449973,score <= 5th percentile of impostor scores (1.449973); n_impostor=4750
206659,208381,nd1S04505,nd1S04701,L,R,impostor,1.433934,1.449973,score <= 5th percentile of impostor scores (1.449973); n_impostor=4750
161093,196865,nd1S04684,nd1S04714,L,R,impostor,1.434069,1.449973,score <= 5th percentile of impostor scores (1.449973); n_impostor=4750
170317,205864,nd1S04394,nd1S04701,R,L,impostor,1.434126,1.449973,score <= 5th percentile of impostor scores (1.449973); n_impostor=4750
1192850,160439,nd1S04261,nd1S04851,L,L,impostor,1.434350,1.449973,score <= 5th percentile of impostor scores (1.449973); n_impostor=4750
160252,165161,nd1S04684,nd1S04667,L,L,impostor,1.434369,1.449973,score <= 5th percentile of impostor scores (1.449973); n_impostor=4750
1192961,164577,nd1S04261,nd1S04851,R,L,impostor,1.434492,1.449973,score <= 5th percentile of impostor scores (1.449973); n_impostor=4750
187683,208381,nd1S04786,nd1S04701,L,R,impostor,1.434513,1.449973,score <= 5th percentile of impostor scores (1.449973); n_impostor=4750
1057021,160439,nd1S04394,nd1S04851,L,L,impostor,1.434573,1.449973,score <= 5th percentile of impostor scores (1.449973); n_impostor=4750
187714,208382,nd1S04786,nd1S04701,L,R,impostor,1.435101,1.449973,score <= 5th percentile of impostor scores (1.449973); n_impostor=4750
208382,208441,nd1S04701,nd1S04859,R,R,impostor,1.435365,1.449973,score <= 5th percentile of impostor scores (1.449973); n_impostor=4750
1038326,662843,nd1S02463,nd1S04714,L,R,impostor,1.435524,1.449973,score <= 5th percentile of impostor scores (1.449973); n_impostor=4750
173528,764471,nd1S04917,nd1S04418,R,L,impostor,1.436095,1.449973,score <= 5th percentile of impostor scores (1.449973); n_impostor=4750
1057029,764471,nd1S04394,nd1S04418,L,L,impostor,1.436428,1.449973,score <= 5th percentile of impostor scores (1.449973); n_impostor=4750
1057020,209271,nd1S04394,nd1S04859,L,R,impostor,1.436632,1.449973,score <= 5th percentile of impostor scores (1.449973); n_impostor=4750
206659,660598,nd1S04505,nd1S04970,L,R,impostor,1.436735,1.449973,score <= 5th percentile of impostor scores (1.449973); n_impostor=4750
1192849,166874,nd1S04261,nd1S04851,L,L,impostor,1.436760,1.449973,score <= 5th percentile of impostor scores (1.449973); n_impostor=4750
161093,201606,nd1S04684,nd1S04667,L,L,impostor,1.436900,1.449973,score <= 5th percentile of impostor scores (1.449973); n_impostor=4750
201325,764441,nd1S04917,nd1S04418,R,L,impostor,1.436914,1.449973,score <= 5th percentile of impostor scores (1.449973); n_impostor=4750
1015652,208381,nd1S02463,nd1S04701,L,R,impostor,1.437028,1.449973,score <= 5th percentile of impostor scores (1.449973); n_impostor=4750
165846,660597,nd1S04683,nd1S04970,L,R,impostor,1.437300,1.449973,score <= 5th percentile of impostor scores (1.449973); n_impostor=4750
1192960,170317,nd1S04261,nd1S04394,R,R,impostor,1.437338,1.449973,score <= 5th percentile of impostor scores (1.449973); n_impostor=4750
1057021,374108,nd1S04394,nd1S04701,L,L,impostor,1.437681,1.449973,score <= 5th percentile of impostor scores (1.449973); n_impostor=4750
210510,216438,nd1S04701,nd1S04505,R,L,impostor,1.437836,1.449973,score <= 5th percentile of impostor scores (1.449973); n_impostor=4750
161092,208443,nd1S04684,nd1S04859,L,R,impostor,1.438584,1.449973,score <= 5th percentile of impostor scores (1.449973); n_impostor=4750
1013655,170377,nd1S02463,nd1S04917,L,R,impostor,1.438660,1.449973,score <= 5th percentile of impostor scores (1.449973); n_impostor=4750
1057021,764442,nd1S04394,nd1S04418,L,L,impostor,1.438756,1.449973,score <= 5th percentile of impostor scores (1.449973); n_impostor=4750
1063964,201325,nd1S02463,nd1S04917,L,R,impostor,1.439431,1.449973,score <= 5th percentile of impostor scores (1.449973); n_impostor=4750
208381,216438,nd1S04701,nd1S04505,R,L,impostor,1.439503,1.449973,score <= 5th percentile of impostor scores (1.449973); n_impostor=4750
1057020,764441,nd1S04394,nd1S04418,L,L,impostor,1.439660,1.449973,score <= 5th percentile of impostor scores (1.449973); n_impostor=4750
170318,205864,nd1S04394,nd1S04701,R,L,impostor,1.439706,1.449973,score <= 5th percentile of impostor scores (1.449973); n_impostor=4750
208443,209978,nd1S04859,nd1S04701,R,R,impostor,1.439709,1.449973,score <= 5th percentile of impostor scores (1.449973); n_impostor=4750
196910,661748,nd1S04714,nd1S04970,R,R,impostor,1.439802,1.449973,score <= 5th percentile of impostor scores (1.449973); n_impostor=4750
208382,216439,nd1S04701,nd1S04505,R,L,impostor,1.439820,1.449973,score <= 5th percentile of impostor scores (1.449973); n_impostor=4750
1038326,165442,nd1S02463,nd1S04851,L,L,impostor,1.439991,1.449973,score <= 5th percentile of impostor scores (1.449973); n_impostor=4750
1038326,162040,nd1S02463,nd1S04684,L,L,impostor,1.440160,1.449973,score <= 5th percentile of impostor scores (1.449973); n_impostor=4750
162040,201609,nd1S04684,nd1S04667,L,L,impostor,1.440208,1.449973,score <= 5th percentile of impostor scores (1.449973); n_impostor=4750
165161,177509,nd1S04667,nd1S04394,L,R,impostor,1.440226,1.449973,score <= 5th percentile of impostor scores (1.449973); n_impostor=4750
1192852,1192961,nd1S04261,nd1S04261,L,R,impostor,1.440582,1.449973,score <= 5th percentile of impostor scores (1.449973); n_impostor=4750
1057020,209267,nd1S04394,nd1S04859,L,R,impostor,1.440589,1.449973,score <= 5th percentile of impostor scores (1.449973); n_impostor=4750
1192849,187683,nd1S04261,nd1S04786,L,L,impostor,1.440614,1.449973,score <= 5th percentile of impostor scores (1.449973); n_impostor=4750
208382,374108,nd1S04701,nd1S04701,R,L,impostor,1.440633,1.449973,score <= 5th percentile of impostor scores (1.449973); n_impostor=4750
1038326,162039,nd1S02463,nd1S04684,L,L,impostor,1.441270,1.449973,score <= 5th percentile of impostor scores (1.449973); n_impostor=4750
160252,662843,nd1S04684,nd1S04714,L,R,impostor,1.441345,1.449973,score <= 5th percentile of impostor scores (1.449973); n_impostor=4750
1015652,209978,nd1S02463,nd1S04701,L,R,impostor,1.441672,1.449973,score <= 5th percentile of impostor scores (1.449973); n_impostor=4750
1038326,166874,nd1S02463,nd1S04851,L,L,impostor,1.441679,1.449973,score <= 5th percentile of impostor scores (1.449973); n_impostor=4750
164341,240235,nd1S04667,nd1S04649,L,L,impostor,1.441726,1.449973,score <= 5th percentile of impostor scores (1.449973); n_impostor=4750
170318,201606,nd1S04394,nd1S04667,R,L,impostor,1.441735,1.449973,score <= 5th percentile of impostor scores (1.449973); n_impostor=4750
207642,209978,nd1S04505,nd1S04701,L,R,impostor,1.441759,1.449973,score <= 5th percentile of impostor scores (1.449973); n_impostor=4750
1192849,160439,nd1S04261,nd1S04851,L,L,impostor,1.441805,1.449973,score <= 5th percentile of impostor scores (1.449973); n_impostor=4750
160439,162040,nd1S04851,nd1S04684,L,L,impostor,1.441860,1.449973,score <= 5th percentile of impostor scores (1.449973); n_impostor=4750
204364,206660,nd1S04786,nd1S04505,L,L,impostor,1.441986,1.449973,score <= 5th percentile of impostor scores (1.449973); n_impostor=4750
1192959,162945,nd1S04261,nd1S04851,R,L,impostor,1.442322,1.449973,score <= 5th percentile of impostor scores (1.449973); n_impostor=4750
160252,196910,nd1S04684,nd1S04714,L,R,impostor,1.442481,1.449973,score <= 5th percentile of impostor scores (1.449973); n_impostor=4750
162040,764441,nd1S04684,nd1S04418,L,L,impostor,1.442619,1.449973,score <= 5th percentile of impostor scores (1.449973); n_impostor=4750
207642,660598,nd1S04505,nd1S04970,L,R,impostor,1.443340,1.449973,score <= 5th percentile of impostor scores (1.449973); n_impostor=4750
1013655,176428,nd1S02463,nd1S04917,L,R,impostor,1.443356,1.449973,score <= 5th percentile of impostor scores (1.449973); n_impostor=4750
185551,660597,nd1S04683,nd1S04970,L,R,impostor,1.443790,1.449973,score <= 5th percentile of impostor scores (1.449973); n_impostor=4750
1013655,162945,nd1S02463,nd1S04851,L,L,impostor,1.443920,1.449973,score <= 5th percentile of impostor scores (1.449973); n_impostor=4750
1192853,166874,nd1S04261,nd1S04851,L,L,impostor,1.444804,1.449973,score <= 5th percentile of impostor scores (1.449973); n_impostor=4750
165164,206660,nd1S04667,nd1S04505,L,L,impostor,1.444997,1.449973,score <= 5th percentile of impostor scores (1.449973); n_impostor=4750
177509,201606,nd1S04394,nd1S04667,R,L,impostor,1.445011,1.449973,score <= 5th percentile of impostor scores (1.449973); n_impostor=4750
374089,764471,nd1S04701,nd1S04418,L,L,impostor,1.445017,1.449973,score <= 5th percentile of impostor scores (1.449973); n_impostor=4750
161093,206659,nd1S04684,nd1S04505,L,L,impostor,1.445056,1.449973,score <= 5th percentile of impostor scores (1.449973); n_impostor=4750
1192852,661746,nd1S04261,nd1S04970,L,R,impostor,1.445119,1.449973,score <= 5th percentile of impostor scores (1.449973); n_impostor=4750
209978,216439,nd1S04701,nd1S04505,R,L,impostor,1.445251,1.449973,score <= 5th percentile of impostor scores (1.449973); n_impostor=4750
206659,374108,nd1S04505,nd1S04701,L,L,impostor,1.445372,1.449973,score <= 5th percentile of impostor scores (1.449973); n_impostor=4750
201609,241318,nd1S04667,nd1S04649,L,L,impostor,1.445372,1.449973,score <= 5th percentile of impostor scores (1.449973); n_impostor=4750
187683,208382,nd1S04786,nd1S04701,L,R,impostor,1.445373,1.449973,score <= 5th percentile of impostor scores (1.449973); n_impostor=4750
1192853,160439,nd1S04261,nd1S04851,L,L,impostor,1.445576,1.449973,score <= 5th percentile of impostor scores (1.449973); n_impostor=4750
160252,165846,nd1S04684,nd1S04683,L,L,impostor,1.445590,1.449973,score <= 5th percentile of impostor scores (1.449973); n_impostor=4750
165442,241321,nd1S04851,nd1S04649,L,L,impostor,1.445628,1.449973,score <= 5th percentile of impostor scores (1.449973); n_impostor=4750
160252,201709,nd1S04684,nd1S04701,L,L,impostor,1.445919,1.449973,score <= 5th percentile of impostor scores (1.449973); n_impostor=4750
160252,217458,nd1S04684,nd1S04714,L,R,impostor,1.446124,1.449973,score <= 5th percentile of impostor scores (1.449973); n_impostor=4750
1057020,208443,nd1S04394,nd1S04859,L,R,impostor,1.446326,1.449973,score <= 5th percentile of impostor scores (1.449973); n_impostor=4750
1192850,1192961,nd1S04261,nd1S04261,L,R,impostor,1.446531,1.449973,score <= 5th percentile of impostor scores (1.449973); n_impostor=4750
164341,177120,nd1S04667,nd1S04714,L,R,impostor,1.446657,1.449973,score <= 5th percentile of impostor scores (1.449973); n_impostor=4750
1059130,201609,nd1S04470,nd1S04667,L,L,impostor,1.446743,1.449973,score <= 5th percentile of impostor scores (1.449973); n_impostor=4750
208381,216439,nd1S04701,nd1S04505,R,L,impostor,1.446924,1.449973,score <= 5th percentile of impostor scores (1.449973); n_impostor=4750
160252,164341,nd1S04684,nd1S04667,L,L,impostor,1.446967,1.449973,score <= 5th percentile of impostor scores (1.449973); n_impostor=4750
1192960,162945,nd1S04261,nd1S04851,R,L,impostor,1.446968,1.449973,score <= 5th percentile of impostor scores (1.449973); n_impostor=4750
162039,764442,nd1S04684,nd1S04418,L,L,impostor,1.447599,1.449973,score <= 5th percentile of impostor scores (1.449973); n_impostor=4750
1085920,187683,nd1S04470,nd1S04786,L,L,impostor,1.447732,1.449973,score <= 5th percentile of impostor scores (1.449973); n_impostor=4750
208441,216438,nd1S04859,nd1S04505,R,L,impostor,1.448217,1.449973,score <= 5th percentile of impostor scores (1.449973); n_impostor=4750
1058294,209267,nd1S04394,nd1S04859,L,R,impostor,1.448328,1.449973,score <= 5th percentile of impostor scores (1.449973); n_impostor=4750
1192959,160356,nd1S04261,nd1S04683,R,L,impostor,1.448384,1.449973,score <= 5th percentile of impostor scores (1.449973); n_impostor=4750
374089,764467,nd1S04701,nd1S04418,L,L,impostor,1.448581,1.449973,score <= 5th percentile of impostor scores (1.449973); n_impostor=4750
160252,206659,nd1S04684,nd1S04505,L,L,impostor,1.448593,1.449973,score <= 5th percentile of impostor scores (1.449973); n_impostor=4750
160252,374108,nd1S04684,nd1S04701,L,L,impostor,1.448856,1.449973,score <= 5th percentile of impostor scores (1.449973); n_impostor=4750
162040,374089,nd1S04684,nd1S04701,L,L,impostor,1.449410,1.449973,score <= 5th percentile of impostor scores (1.449973); n_impostor=4750
165161,303666,nd1S04667,nd1S04649,L,L,impostor,1.449454,1.449973,score <= 5th percentile of impostor scores (1.449973); n_impostor=4750
162039,764441,nd1S04684,nd1S04418,L,L,impostor,1.449498,1.449973,score <= 5th percentile of impostor scores (1.449973); n_impostor=4750
161092,217458,nd1S04684,nd1S04714,L,R,impostor,1.449535,1.449973,score <= 5th percentile of impostor scores (1.449973); n_impostor=4750
165164,177509,nd1S04667,nd1S04394,L,R,impostor,1.449645,1.449973,score <= 5th percentile of impostor scores (1.449973); n_impostor=4750
1063964,661746,nd1S02463,nd1S04970,L,R,impostor,1.449762,1.449973,score <= 5th percentile of impostor scores (1.449973); n_impostor=4750
1063964,660597,nd1S02463,nd1S04970,L,R,impostor,1.449809,1.449973,score <= 5th percentile of impostor scores (1.449973); n_impostor=4750
