image_id,filepath,subject_id,eye,session
1013655,/Users/odon/Desktop/intro_to_iris_recognition/Week 1/NDCVRL_002 Dataset/raw/nd1S02463/Left/1013655.tiff,nd1S02463,L,10/26/11
1013666,/Users/odon/Desktop/intro_to_iris_recognition/Week 1/NDCVRL_002 Dataset/raw/nd1S02463/Left/1013666.tiff,nd1S02463,L,10/26/11
1015652,/Users/odon/Desktop/intro_to_iris_recognition/Week 1/NDCVRL_002 Dataset/raw/nd1S02463/Left/1015652.tiff,nd1S02463,L,10/26/11
1038326,/Users/odon/Desktop/intro_to_iris_recognition/Week 1/NDCVRL_002 Dataset/raw/nd1S02463/Left/1038326.tiff,nd1S02463,L,11/9/11
1063964,/Users/odon/Desktop/intro_to_iris_recognition/Week 1/NDCVRL_002 Dataset/raw/nd1S02463/Left/1063964.tiff,nd1S02463,L,2/9/12
1192849,/Users/odon/Desktop/intro_to_iris_recognition/Week 1/NDCVRL_002 Dataset/raw/nd1S04261/Left/1192849.tiff,nd1S04261,L,10/31/13
1192850,/Users/odon/Desktop/intro_to_iris_recognition/Week 1/NDCVRL_002 Dataset/raw/nd1S04261/Left/1192850.tiff,nd1S04261,L,10/31/13
1192851,/Users/odon/Desktop/intro_to_iris_recognition/Week 1/NDCVRL_002 Dataset/raw/nd1S04261/Left/1192851.tiff,nd1S04261,L,10/31/13
1192852,/Users/odon/Desktop/intro_to_iris_recognition/Week 1/NDCVRL_002 Dataset/raw/nd1S04261/Left/1192852.tiff,nd1S04261,L,10/31/13
1192853,/Users/odon/Desktop/intro_to_iris_recognition/Week 1/NDCVRL_002 Dataset/raw/nd1S04261/Left/1192853.tiff,nd1S04261,L,10/31/13
1192959,/Users/odon/Desktop/intro_to_iris_recognition/Week 1/NDCVRL_002 Dataset/raw/nd1S04261/Right/1192959.tiff,nd1S04261,R,10/31/13
1192960,/Users/odon/Desktop/intro_to_iris_recognition/Week 1/NDCVRL_002 Dataset/raw/nd1S04261/Right/1192960.tiff,nd1S04261,R,10/31/13
1192961,/Users/odon/Desktop/intro_to_iris_recognition/Week 1/NDCVRL_002 Dataset/raw/nd1S04261/Right/1192961.tiff,nd1S04261,R,10/31/13
1192962,/Users/odon/Desktop/intro_to_iris_recognition/Week 1/NDCVRL_002 Dataset/raw/nd1S04261/Right/1192962.tiff,nd1S04261,R,10/31/13
1192966,/Users/odon/Desktop/intro_to_iris_recognition/Week 1/NDCVRL_002 Dataset/raw/nd1S04261/Right/1192966.tiff,nd1S04261,R,10/31/13
1057020,/Users/odon/Desktop/intro_to_iris_recognition/Week 1/NDCVRL_002 Dataset/raw/nd1S04394/Left/1057020.tiff,nd1S04394,L,2/7/12
1057021,/Users/odon/Desktop/intro_to_iris_recognition/Week 1/NDCVRL_002 Dataset/raw/nd1S04394/Left/1057021.tiff,nd1S04394,L,2/7/12
1057029,/Users/odon/Desktop/intro_to_iris_recognition/Week 1/NDCVRL_002 Dataset/raw/nd1S04394/Left/1057029.tiff,nd1S04394,L,2/7/12
1058294,/Users/odon/Desktop/intro_to_iris_recognition/Week 1/NDCVRL_002 Dataset/raw/nd1S04394/Left/1058294.tiff,nd1S04394,L,2/7/12
1058848,/Users/odon/Desktop/intro_to_iris_recognition/Week 1/NDCVRL_002 Dataset/raw/nd1S04394/Left/1058848.tiff,nd1S04394,L,2/7/12
170317,/Users/odon/Desktop/intro_to_iris_recognition/Week 1/NDCVRL_002 Dataset/raw/nd1S04394/Right/170317.tiff,nd1S04394,R,8/31/04
170318,/Users/odon/Desktop/intro_to_iris_recognition/Week 1/NDCVRL_002 Dataset/raw/nd1S04394/Right/170318.tiff,nd1S04394,R,8/31/04
173640,/Users/odon/Desktop/intro_to_iris_recognition/Week 1/NDCVRL_002 Dataset/raw/nd1S04394/Right/173640.tiff,nd1S04394,R,9/28/04
177509,/Users/odon/Desktop/intro_to_iris_recognition/Week 1/NDCVRL_002 Dataset/raw/nd1S04394/Right/177509.tiff,nd1S04394,R,11/4/04
177718,/Users/odon/Desktop/intro_to_iris_recognition/Week 1/NDCVRL_002 Dataset/raw/nd1S04394/Right/177718.tiff,nd1S04394,R,11/9/04
704265,/Users/odon/Desktop/intro_to_iris_recognition/Week 1/NDCVRL_002 Dataset/raw/nd1S04418/Left/704265.tiff,nd1S04418,L,1/25/11
764441,/Users/odon/Desktop/intro_to_iris_recognition/Week 1/NDCVRL_002 Dataset/raw/nd1S04418/Left/764441.tiff,nd1S04418,L,2/24/11
764442,/Users/odon/Desktop/intro_to_iris_recognition/Week 1/NDCVRL_002 Dataset/raw/nd1S04418/Left/764442.tiff,nd1S04418,L,2/24/11
764467,/Users/odon/Desktop/intro_to_iris_recognition/Week 1/NDCVRL_002 Dataset/raw/nd1S04418/Left/764467.tiff,nd1S04418,L,2/24/11
764471,/Users/odon/Desktop/intro_to_iris_recognition/Week 1/NDCVRL_002 Dataset/raw/nd1S04418/Left/764471.tiff,nd1S04418,L,2/24/11
1059130,/Users/odon/Desktop/intro_to_iris_recognition/Week 1/NDCVRL_002 Dataset/raw/nd1S04470/Left/1059130.tiff,nd1S04470,L,2/7/12
1085920,/Users/odon/Desktop/intro_to_iris_recognition/Week 1/NDCVRL_002 Dataset/raw/nd1S04470/Left/1085920.tiff,nd1S04470,L,2/22/12
1086712,/Users/odon/Desktop/intro_to_iris_recognition/Week 1/NDCVRL_002 Dataset/raw/nd1S04470/Left/1086712.tiff,nd1S04470,L,2/22/12
1087232,/Users/odon/Desktop/intro_to_iris_recognition/Week 1/NDCVRL_002 Dataset/raw/nd1S04470/Left/1087232.tiff,nd1S04470,L,2/22/12
1087836,/Users/odon/Desktop/intro_to_iris_recognition/Week 1/NDCVRL_002 Dataset/raw/nd1S04470/Left/1087836.tiff,nd1S04470,L,2/22/12
206659,/Users/odon/Desktop/intro_to_iris_recognition/Week 1/NDCVRL_002 Dataset/raw/nd1S04505/Left/206659.tiff,nd1S04505,L,4/7/05
206660,/Users/odon/Desktop/intro_to_iris_recognition/Week 1/NDCVRL_002 Dataset/raw/nd1S04505/Left/206660.tiff,nd1S04505,L,4/7/05
207642,/Users/odon/Desktop/intro_to_iris_recognition/Week 1/NDCVRL_002 Dataset/raw/nd1S04505/Left/207642.tiff,nd1S04505,L,4/21/05
216438,/Users/odon/Desktop/intro_to_iris_recognition/Week 1/NDCVRL_002 Dataset/raw/nd1S04505/Left/216438.tiff,nd1S04505,L,1/22/04
216439,/Users/odon/Desktop/intro_to_iris_recognition/Week 1/NDCVRL_002 Dataset/raw/nd1S04505/Left/216439.tiff,nd1S04505,L,1/29/04
240235,/Users/odon/Desktop/intro_to_iris_recognition/Week 1/NDCVRL_002 Dataset/raw/nd1S04649/Left/240235.tiff,nd1S04649,L,4/22/08
241316,/Users/odon/Desktop/intro_to_iris_recognition/Week 1/NDCVRL_002 Dataset/raw/nd1S04649/Left/241316.tiff,nd1S04649,L,4/22/08
241318,/Users/odon/Desktop/intro_to_iris_recognition/Week 1/NDCVRL_002 Dataset/raw/nd1S04649/Left/241318.tiff,nd1S04649,L,4/22/08
241321,/Users/odon/Desktop/intro_to_iris_recognition/Week 1/NDCVRL_002 Dataset/raw/nd1S04649/Left/241321.tiff,nd1S04649,L,4/22/08
303666,/Users/odon/Desktop/intro_to_iris_recognition/Week 1/NDCVRL_002 Dataset/raw/nd1S04649/Left/303666.tiff,nd1S04649,L,12/2/08
164341,/Users/odon/Desktop/intro_to_iris_recognition/Week 1/NDCVRL_002 Dataset/raw/nd1S04667/Left/164341.tiff,nd1S04667,L,10/5/04
165161,/Users/odon/Desktop/intro_to_iris_recognition/Week 1/NDCVRL_002 Dataset/raw/nd1S04667/Left/165161.tiff,nd1S04667,L,10/12/04
165164,/Users/odon/Desktop/intro_to_iris_recognition/Week 1/NDCVRL_002 Dataset/raw/nd1S04667/Left/165164.tiff,nd1S04667,L,10/12/04
201606,/Users/odon/Desktop/intro_to_iris_recognition/Week 1/NDCVRL_002 Dataset/raw/nd1S04667/Left/201606.tiff,nd1S04667,L,1/18/05
201609,/Users/odon/Desktop/intro_to_iris_recognition/Week 1/NDCVRL_002 Dataset/raw/nd1S04667/Left/201609.tiff,nd1S04667,L,1/18/05
160356,/Users/odon/Desktop/intro_to_iris_recognition/Week 1/NDCVRL_002 Dataset/raw/nd1S04683/Left/160356.tiff,nd1S04683,L,8/31/04
165846,/Users/odon/Desktop/intro_to_iris_recognition/Week 1/NDCVRL_002 Dataset/raw/nd1S04683/Left/165846.tiff,nd1S04683,L,10/19/04
165847,/Users/odon/Desktop/intro_to_iris_recognition/Week 1/NDCVRL_002 Dataset/raw/nd1S04683/Left/165847.tiff,nd1S04683,L,10/19/04
185551,/Users/odon/Desktop/intro_to_iris_recognition/Week 1/NDCVRL_002 Dataset/raw/nd1S04683/Left/185551.tiff,nd1S04683,L,1/13/04
185568,/Users/odon/Desktop/intro_to_iris_recognition/Week 1/NDCVRL_002 Dataset/raw/nd1S04683/Left/185568.tiff,nd1S04683,L,2/3/04
160252,/Users/odon/Desktop/intro_to_iris_recognition/Week 1/NDCVRL_002 Dataset/raw/nd1S04684/Left/160252.tiff,nd1S04684,L,8/31/04
161092,/Users/odon/Desktop/intro_to_iris_recognition/Week 1/NDCVRL_002 Dataset/raw/nd1S04684/Left/161092.tiff,nd1S04684,L,9/7/04
161093,/Users/odon/Desktop/intro_to_iris_recognition/Week 1/NDCVRL_002 Dataset/raw/nd1S04684/Left/161093.tiff,nd1S04684,L,9/7/04
162039,/Users/odon/Desktop/intro_to_iris_recognition/Week 1/NDCVRL_002 Dataset/raw/nd1S04684/Left/162039.tiff,nd1S04684,L,9/14/04
162040,/Users/odon/Desktop/intro_to_iris_recognition/Week 1/NDCVRL_002 Dataset/raw/nd1S04684/Left/162040.tiff,nd1S04684,L,9/14/04
201709,/Users/odon/Desktop/intro_to_iris_recognition/Week 1/NDCVRL_002 Dataset/raw/nd1S04701/Left/201709.tiff,nd1S04701,L,1/19/05
205864,/Users/odon/Desktop/intro_to_iris_recognition/Week 1/NDCVRL_002 Dataset/raw/nd1S04701/Left/205864.tiff,nd1S04701,L,3/31/05
374089,/Users/odon/Desktop/intro_to_iris_recognition/Week 1/NDCVRL_002 Dataset/raw/nd1S04701/Left/374089.tiff,nd1S04701,L,
374094,/Users/odon/Desktop/intro_to_iris_recognition/Week 1/NDCVRL_002 Dataset/raw/nd1S04701/Left/374094.tiff,nd1S04701,L,
374108,/Users/odon/Desktop/intro_to_iris_recognition/Week 1/NDCVRL_002 Dataset/raw/nd1S04701/Left/374108.tiff,nd1S04701,L,
208381,/Users/odon/Desktop/intro_to_iris_recognition/Week 1/NDCVRL_002 Dataset/raw/nd1S04701/Right/208381.tiff,nd1S04701,R,1/19/05
208382,/Users/odon/Desktop/intro_to_iris_recognition/Week 1/NDCVRL_002 Dataset/raw/nd1S04701/Right/208382.tiff,nd1S04701,R,1/19/05
209978,/Users/odon/Desktop/intro_to_iris_recognition/Week 1/NDCVRL_002 Dataset/raw/nd1S04701/Right/209978.tiff,nd1S04701,R,2/15/05
209979,/Users/odon/Desktop/intro_to_iris_recognition/Week 1/NDCVRL_002 Dataset/raw/nd1S04701/Right/209979.tiff,nd1S04701,R,2/15/05
210510,/Users/odon/Desktop/intro_to_iris_recognition/Week 1/NDCVRL_002 Dataset/raw/nd1S04701/Right/210510.tiff,nd1S04701,R,2/24/05
177120,/Users/odon/Desktop/intro_to_iris_recognition/Week 1/NDCVRL_002 Dataset/raw/nd1S04714/Right/177120.tiff,nd1S04714,R,11/2/04
196865,/Users/odon/Desktop/intro_to_iris_recognition/Week 1/NDCVRL_002 Dataset/raw/nd1S04714/Right/196865.tiff,nd1S04714,R,1/14/04
196910,/Users/odon/Desktop/intro_to_iris_recognition/Week 1/NDCVRL_002 Dataset/raw/nd1S04714/Right/196910.tiff,nd1S04714,R,4/14/04
217458,/Users/odon/Desktop/intro_to_iris_recognition/Week 1/NDCVRL_002 Dataset/raw/nd1S04714/Right/217458.tiff,nd1S04714,R,1/21/04
662843,/Users/odon/Desktop/intro_to_iris_recognition/Week 1/NDCVRL_002 Dataset/raw/nd1S04714/Right/662843.tiff,nd1S04714,R,2/23/06
187654,/Users/odon/Desktop/intro_to_iris_recognition/Week 1/NDCVRL_002 Dataset/raw/nd1S04786/Left/187654.tiff,nd1S04786,L,2/11/04
187683,/Users/odon/Desktop/intro_to_iris_recognition/Week 1/NDCVRL_002 Dataset/raw/nd1S04786/Left/187683.tiff,nd1S04786,L,3/18/04
187684,/Users/odon/Desktop/intro_to_iris_recognition/Week 1/NDCVRL_002 Dataset/raw/nd1S04786/Left/187684.tiff,nd1S04786,L,3/18/04
187714,/Users/odon/Desktop/intro_to_iris_recognition/Week 1/NDCVRL_002 Dataset/raw/nd1S04786/Left/187714.tiff,nd1S04786,L,4/20/04
204364,/Users/odon/Desktop/intro_to_iris_recognition/Week 1/NDCVRL_002 Dataset/raw/nd1S04786/Left/204364.tiff,nd1S04786,L,3/2/05
160439,/Users/odon/Desktop/intro_to_iris_recognition/Week 1/NDCVRL_002 Dataset/raw/nd1S04851/Left/160439.tiff,nd1S04851,L,9/1/04
162945,/Users/odon/Desktop/intro_to_iris_recognition/Week 1/NDCVRL_002 Dataset/raw/nd1S04851/Left/162945.tiff,nd1S04851,L,9/22/04
164577,/Users/odon/Desktop/intro_to_iris_recognition/Week 1/NDCVRL_002 Dataset/raw/nd1S04851/Left/164577.tiff,nd1S04851,L,10/6/04
165442,/Users/odon/Desktop/intro_to_iris_recognition/Week 1/NDCVRL_002 Dataset/raw/nd1S04851/Left/165442.tiff,nd1S04851,L,10/13/04
166874,/Users/odon/Desktop/intro_to_iris_recognition/Week 1/NDCVRL_002 Dataset/raw/nd1S04851/Left/166874.tiff,nd1S04851,L,10/27/04
208441,/Users/odon/Desktop/intro_to_iris_recognition/Week 1/NDCVRL_002 Dataset/raw/nd1S04859/Right/208441.tiff,nd1S04859,R,1/19/05
208443,/Users/odon/Desktop/intro_to_iris_recognition/Week 1/NDCVRL_002 Dataset/raw/nd1S04859/Right/208443.tiff,nd1S04859,R,1/19/05
209267,/Users/odon/Desktop/intro_to_iris_recognition/Week 1/NDCVRL_002 Dataset/raw/nd1S04859/Right/209267.tiff,nd1S04859,R,2/8/05
209268,/Users/odon/Desktop/intro_to_iris_recognition/Week 1/NDCVRL_002 Dataset/raw/nd1S04859/Right/209268.tiff,nd1S04859,R,2/8/05
209271,/Users/odon/Desktop/intro_to_iris_recognition/Week 1/NDCVRL_002 Dataset/raw/nd1S04859/Right/209271.tiff,nd1S04859,R,2/8/05
170377,/Users/odon/Desktop/intro_to_iris_recognition/Week 1/NDCVRL_002 Dataset/raw/nd1S04917/Right/170377.tiff,nd1S04917,R,8/31/04
173528,/Users/odon/Desktop/intro_to_iris_recognition/Week 1/NDCVRL_002 Dataset/raw/nd1S04917/Right/173528.tiff,nd1S04917,R,9/28/04
176428,/Users/odon/Desktop/intro_to_iris_recognition/Week 1/NDCVRL_002 Dataset/raw/nd1S04917/Right/176428.tiff,nd1S04917,R,10/26/04
201324,/Users/odon/Desktop/intro_to_iris_recognition/Week 1/NDCVRL_002 Dataset/raw/nd1S04917/Right/201324.tiff,nd1S04917,R,1/14/04
201325,/Users/odon/Desktop/intro_to_iris_recognition/Week 1/NDCVRL_002 Dataset/raw/nd1S04917/Right/201325.tiff,nd1S04917,R,1/14/04
660597,/Users/odon/Desktop/intro_to_iris_recognition/Week 1/NDCVRL_002 Dataset/raw/nd1S04970/Right/660597.tiff,nd1S04970,R,11/2/06
660598,/Users/odon/Desktop/intro_to_iris_recognition/Week 1/NDCVRL_002 Dataset/raw/nd1S04970/Right/660598.tiff,nd1S04970,R,11/2/06
661746,/Users/odon/Desktop/intro_to_iris_recognition/Week 1/NDCVRL_002 Dataset/raw/nd1S04970/Right/661746.tiff,nd1S04970,R,2/2/06
661748,/Users/odon/Desktop/intro_to_iris_recognition/Week 1/NDCVRL_002 Dataset/raw/nd1S04970/Right/661748.tiff,nd1S04970,R,2/2/06
661749,/Users/odon/Desktop/intro_to_iris_recognition/Week 1/NDCVRL_002 Dataset/raw/nd1S04970/Right/661749.tiff,nd1S04970,R,2/2/06
