image_id,quality_passed,source
1013655,True,extract
1013666,True,extract
1015652,True,extract
1038326,True,extract
1063964,True,extract
1192849,True,extract
1192850,True,extract
1192851,True,extract
1192852,True,extract
1192853,True,extract
1192959,True,extract
1192960,True,extract
1192961,True,extract
1192962,True,extract
1192966,True,extract
1057020,True,extract
1057021,True,extract
1057029,True,extract
1058294,True,extract
1058848,True,extract
170317,True,extract
170318,True,extract
173640,True,extract
177509,True,extract
177718,True,extract
704265,True,extract
764441,True,extract
764442,True,extract
764467,True,extract
764471,True,extract
1059130,True,extract
1085920,True,extract
1086712,True,extract
1087232,True,extract
1087836,True,extract
206659,True,extract
206660,True,extract
207642,True,extract
216438,True,extract
216439,True,extract
240235,True,extract
241316,True,extract
241318,True,extract
241321,True,extract
303666,True,extract
164341,True,extract
165161,True,extract
165164,True,extract
201606,True,extract
201609,True,extract
160356,True,extract
165846,True,extract
165847,True,extract
185551,True,extract
185568,True,extract
160252,True,extract
161092,True,extract
161093,True,extract
162039,True,extract
162040,True,extract
201709,True,extract
205864,True,extract
374089,True,extract
374094,True,extract
374108,True,extract
208381,True,extract
208382,True,extract
209978,True,extract
209979,True,extract
210510,True,extract
177120,True,extract
196865,True,extract
196910,True,extract
217458,True,extract
662843,True,extract
187654,True,extract
187683,True,extract
187684,True,extract
187714,True,extract
204364,True,extract
160439,True,extract
162945,True,extract
164577,True,extract
165442,True,extract
166874,True,extract
208441,True,extract
208443,True,extract
209267,True,extract
209268,True,extract
209271,True,extract
170377,True,extract
173528,True,extract
176428,True,extract
201324,True,extract
201325,True,extract
660597,True,extract
660598,True,extract
661746,True,extract
661748,True,extract
661749,True,extract
