sensorid,name,model,media,m_url,m_alias,spectrum,s_url,s_alias,specification,resolution,imaging,focus,shutter,description,tag_list,relationship_list
nd1N00006,"ND 385 Fitzpatrick\, Iridian acqu",lg2200,NULL,NULL,NULL,NULL,NULL,NULL,NULL,NULL,NULL,NULL,NULL,NULL,,
nd1N00016,Iridian,PrivateID,SCSI,enumerations.xml,SensorMedias,NearIR,enumerations.xml,SensorSpectrums,http://www.iridiantech.com/produ,"640x480 pixels</Resolution>
",23.7x15.6mm 6.1 MP CCD,"Auto Focus\,Contrast detect",30-1/8000 sec,NULL,,
nd1N00012,Nikon D80-Raw + Fine Setting,D80,MultimediaCard,enumerations.xml,SensorMedias,Visible,enumerations.xml,SensorSpectrums,http://www.nikonusa.com/pdf/manu,3872x2592 pixels,CCD,Auto,Auto,NULL,,
nd1N00018,IOM,IOM,SCSI,enumerations.xml,SensorMedias,NearIR,enumerations.xml,SensorSpectrums,NULL,NULL,NULL,Auto,Auto,NULL,,
nd1N00020,LG4000,LG4000,SCSI,enumerations.xml,SensorMedias,NearIR,enumerations.xml,SensorSpectrums,http://www.lgiris.com/ps/product,NULL,NULL,Auto,Auto,NULL,,
nd1N00021,LG4100,4100,SCSI,enumerations.xml,SensorMedias,NearIR,enumerations.xml,SensorSpectrums,http://www.lgiris.com/ps/products/ia4k/icam4100_spec.htm,640 x 480 pixels,16x Ooom CCD,Auto Focus,Auto,NULL,,
nd1N00048,LG iCam - Iris,TD100,SCSI,enumerations.xml,SensorMedias,NearIR,enumerations.xml,SensorSpectrums,http://www.irisid.com/download/brochure/IrisID_TD100.pdf,640 x 480 pixels - 96 ppi,2MP Image sensor - 4.62mm@F#3.2,Auto,Auto,NULL,,
nd1N00049,Iris Guard AD100 - Iris,AD100,SCSI,enumerations.xml,SensorMedias,NearIR,enumerations.xml,SensorSpectrums,http://www.irisguard.com/uploads/AD100ProductSheet.pdf,640 x 480 pixels - 96ppi,CMOS progressive scan sensor,Auto,Auto,NULL,,
nd1N00059,CFAIRS - IR-Canon,EOS 50D,SCSI,enumerations.xml,SensorMedias,Visible,enumerations.xml,SensorSpectrums,http://www.canon.com/camera-museum/tech/report/200909/table1.html,"Large - 15.10 MP\, Middle -8 MP\, Small - 3.7 MP\, Raw-15.10 MP\, M-Raw - 7.10 MP\, S-Raw - 3.8 MP",CMOS/15.10 22.3 x 14.9 mm,Manual,1/8000 - 30,NULL,,
lg4000diff20,LG4000 with 20 degree diffuser,LG 4000,SCSI,enumerations.xml,SensorMedias,NearIR,enumerations.xml,SensorSpectrums,http://www.lgiris.com/ps/products/ia4k/icam4000_spec.htm,NULL,NULL,Auto,Auto,LG4000 with 20 degree diffuser,,
lg4000diff25,LG4000 with 25 degree diffuser,LG 4000,SCSI,enumerations.xml,SensorMedias,NearIR,enumerations.xml,SensorSpectrums,http://www.lgiris.com/ps/products/ia4k/icam4000_spec.htm,NULL,NULL,Auto,Auto,LG4000 with 25 degree diffuser,,
lg4000diff30,LG4000 with 30 degree diffuser,LG 4000,SCSI,enumerations.xml,SensorMedias,NearIR,enumerations.xml,SensorSpectrums,http://www.lgiris.com/ps/products/ia4k/icam4000_spec.htm,NULL,NULL,Auto,Auto,LG4000 with 30 degree diffuser,,
nd1N00073,CFAIRS - IR-Canon-Upgrade-01,EOS 50D,SCSI,enumerations.xml,SensorMedias,Visible,enumerations.xml,SensorSpectrums,http://www.canon.com/camera-museum/tech/report/200909/table1.html,"Large - 15.10 MP\, Middle -8 MP\, Small - 3.7 MP\, Raw-15.10 MP\, M-Raw - 7.10 MP\, S-Raw - 3.8 MP",CMOS/15.10 22.3 x 14.9 mm,Manual,1/8000 - 30,CFAIRS - New Firmware version # ? Change so all flashes are at 1/16th power,,
nd1N00074,LG4000-Upgrade-01,LG4000,SCSI,enumerations.xml,SensorMedias,NearIR,enumerations.xml,SensorSpectrums,http://www.lgiris.com/ps/product,640 x 480 pixels - 96ppi,"Modified 16x Zoom B/W CCD Camera\, 2 IR LED",Auto,Auto,lg4000 - Firmware upgrade to v.3.1,,
nd1N00077,Iris Guard AD100 - Iris-Upgrade-01,AD100,SCSI,enumerations.xml,SensorMedias,NearIR,enumerations.xml,SensorSpectrums,http://www.irisguard.com/uploads/AD100ProductSheet.pdf,640 x 480 pixels - 96ppi,CMOS progressive scan sensor,Auto,Auto,AD100 - Firmware upgrade to v.2.04,,
nd1N00079,Iris Guard AD100 - Iris-Strict ISO and no glasses compensation,AD100,SCSI,enumerations.xml,SensorMedias,NearIR,enumerations.xml,SensorSpectrums,http://www.irisguard.com/uploads/AD100ProductSheet.pdf,640 x 480 pixels - 96ppi,CMOS progressive scan sensor,NULL,NULL,NULL,,